Price,Close,High,Low,Open,Volume
Ticker,PFE,PFE,PFE,PFE,PFE
Date,,,,,
2020-01-02,29.9781436920166,30.138987610313986,29.779005802361226,30.100693638955992,16514072
2020-01-03,29.817304611206055,30.05473956574928,29.61816363027854,29.656460683425706,14922848
2020-01-06,29.77901268005371,29.870924391603154,29.64114819226153,29.73305682427899,15771951
2020-01-07,29.6794376373291,29.970487240052837,29.62582299370645,29.962828445182673,20108107
2020-01-08,29.91687774658203,30.039424644663946,29.679442746606817,29.687101542795432,16403507
2020-01-09,29.786663055419922,30.07771262033762,29.710072037135614,30.07771262033762,21971895
2020-01-10,30.2462158203125,30.353445095388064,29.847936975545196,29.85559576954614,21557357
2020-01-13,30.184946060180664,30.460678075407913,30.031760922936297,30.34578999235752,15392405
2020-01-14,30.69045066833496,30.69810946237576,30.100692731881324,30.200260133942944,20919160
2020-01-15,31.150005340576172,31.303190471756405,30.767044052391295,30.78236472118131,23925800
2020-01-16,31.10404396057129,31.249570271236422,30.881926637705533,31.241911477969445,16216422
2020-01-17,31.02745246887207,31.257228581453834,30.9585202510037,31.073408307294585,23083970
2020-01-21,30.89725685119629,31.142350629598326,30.78236875762886,30.927892033730636,23115696
2020-01-22,30.78236198425293,30.95086161017867,30.61385619926491,30.88192938511248,18097812
2020-01-23,31.18063735961914,31.27254904492033,30.736405759413007,30.7823616020636,27148510
2020-01-24,30.498973846435547,31.379784588055287,30.361109370467585,31.356808201904535,34143698
2020-01-27,30.759382247924805,30.966182000805983,30.062395050482493,30.184941911622776,31964026
2020-01-28,29.21222496032715,30.246217644372777,29.06669862693943,30.11601197944206,70202408
2020-01-29,28.783309936523438,29.396047413149294,28.760333551456743,29.196909503976546,34165726
2020-01-30,28.682720184326172,28.760096699805082,28.388697514077414,28.7059343833654,32316589
2020-01-31,28.814258575439453,28.976742411283915,28.55118402661571,28.582135254531554,33894005
2020-02-03,29.023168563842773,29.43325601327513,28.86068161216015,28.98448341652948,20875735
2020-02-04,29.16244125366211,29.587999604721325,29.116015970949256,29.464200924812776,31150865
2020-02-05,29.53384017944336,29.84334002044774,29.263031707300645,29.28624279543097,29443490
2020-02-06,29.603477478027344,29.789178632816743,29.425516463844993,29.742753344119393,21047748
2020-02-07,29.440990447998047,29.711798899279508,29.348139880651534,29.68085078415644,21903596
2020-02-10,29.255290985107422,29.572527849179387,29.185654611112472,29.564790819956485,19998385
2020-02-11,29.471939086914062,29.502890313575865,29.216604688656176,29.31719228657116,16027335
2020-02-12,29.20112419128418,29.549309081755805,29.185647025872004,29.471932587658983,22944315
2020-02-13,28.57439613342285,29.077327884578736,28.54344490777289,29.077327884578736,22099745
2020-02-14,28.249422073364258,28.65950636678667,28.17978570485641,28.605344055505327,21006747
2020-02-18,28.102413177490234,28.37322477225777,28.063728028944176,28.280374193769177,17988513
2020-02-19,28.032772064208984,28.241684275027232,28.017298007404225,28.164307769026436,17750941
2020-02-20,27.738754272460938,27.901241230242523,27.398306297391635,27.630429633939883,42953135
2020-02-21,27.638160705566406,27.715537208394665,27.491150949971797,27.669111928895386,32425256
2020-02-24,26.82573127746582,27.390565481249325,26.771568965692527,27.112016893699334,37969296
2020-02-25,26.253158569335938,26.87989207834822,26.082934614900648,26.83346679786797,41878898
2020-02-26,26.864421844482422,27.243554948544343,26.322798680124134,26.493022658781182,47920005
2020-02-27,26.38469696044922,27.630427077179633,26.38469696044922,26.647771502655388,55444827
2020-02-28,25.858552932739258,26.260898670168494,25.16992000617786,25.912715247805256,66057447
2020-03-02,26.988216400146484,27.042378708282016,25.881760708438456,26.237684225401342,42034469
2020-03-03,26.539443969726562,27.68458636167436,26.198996063418384,27.22033978234292,46174475
2020-03-04,28.16431427001953,28.21073956213837,27.042385783925244,27.15844745872773,38712155
2020-03-05,27.436988830566406,27.9940859664019,27.20486554246635,27.583998587169297,35096303
2020-03-06,27.096548080444336,27.212609755136366,26.400178032292164,26.84894755970925,40931036
2020-03-09,26.12162208557129,26.841203023025717,25.65737551663596,25.889498801103624,43183856
2020-03-10,26.763832092285156,26.817994404372683,25.541316222434535,26.74835803482833,40548329
2020-03-11,24.891366958618164,26.21447181599691,24.496756765285802,26.12162126074638,65350213
2020-03-12,23.227821350097656,24.759835658427853,23.2123457353393,23.583743379100333,62731445
2020-03-13,25.309192657470703,25.44072836648412,23.390303778859362,24.194999867709747,60553038
2020-03-16,23.35161781311035,24.976482543618584,22.941533504910854,23.165919786735074,50995050
2020-03-17,24.883634567260742,25.26276922019515,23.668854094335583,24.481285715694224,54220606
2020-03-18,25.038381576538086,25.23181818491096,23.45220512106691,23.808127111637987,43884976
2020-03-19,23.53731918334961,24.95327179740205,23.220083864234155,24.93005915346785,59820929
2020-03-20,22.446338653564453,23.73075552935526,22.368963693193116,23.42899427275317,52488989
2020-03-23,22.043989181518555,22.887370411332963,21.572003991791952,22.252899842941517,52853041
2020-03-24,22.980222702026367,23.25103274212498,22.361227658017597,22.833211359630603,44466784
2020-03-25,23.018903732299805,23.769437429735657,22.43859553548859,22.825468703692156,44601275
2020-03-26,24.566396713256836,24.752094728126046,23.119493069883646,23.127231653790552,43269967
2020-03-27,23.90871810913086,24.55866284137094,23.723018503137588,23.831343143675785,38290344
2020-03-30,25.278242111206055,25.417516408105783,24.024776550097197,24.024776550097197,29943508
2020-03-31,25.255035400390625,25.533582486957563,24.945537082043863,25.069335787184723,29466151
2020-04-01,24.566396713256836,24.976480996047037,24.39617275521293,24.697932418248964,26709625
2020-04-02,25.432992935180664,25.533578980420437,24.56639900721513,24.68246066621954,27186876
2020-04-03,26.028778076171875,26.222214702168003,25.247294542685975,25.247294542685975,32837370
2020-04-06,26.74835777282715,27.003692162318316,26.13709828839483,26.245422911508843,40503217
2020-04-07,26.005558013916016,27.212599602584547,25.990082403833277,27.081063916604403,24226295
2020-04-08,26.771570205688477,26.92632011949248,25.874026616503897,26.29958654622334,25523980
2020-04-09,27.38283348083496,27.676856179742956,26.965008967291173,27.1042848421355,30648107
2020-04-13,27.189390182495117,27.839337921168376,26.86441942414709,27.823860752874772,18270141
2020-04-14,28.19525909423828,28.342271967373602,27.34413930211184,27.80064886738927,21845309
2020-04-15,27.831605911254883,28.032778025462093,27.52984307346032,27.90124229267318,21312196
2020-04-16,27.761962890625,28.055988661004626,27.52983957473807,27.947664032125555,20657451
2020-04-17,28.55891990661621,28.628556277888595,27.93992337210773,28.241686165935917,24404843
2020-04-20,27.916709899902344,28.558917466296304,27.916709899902344,28.14883319163482,22530620
2020-04-21,27.560787200927734,27.80064751453922,27.36735216662552,27.68458587176022,23975233
2020-04-22,28.04824447631836,28.62855268235366,27.947660001997008,28.597604570558882,20182624
2020-04-23,28.38869857788086,28.938058792213855,28.071464807694127,28.071464807694127,20185365
2020-04-24,28.92258071899414,28.96126586182554,28.458334117108777,28.50475628850646,17353794
2020-04-27,29.65764045715332,29.82012741571997,29.06959508318845,29.085072253758412,23394057
2020-04-28,29.332664489746094,30.346268100759385,28.92258020608563,30.214732395488117,35666728
2020-04-29,29.495153427124023,29.82786122716039,29.177916574010222,29.75822485557086,26518535
2020-04-30,29.68085289001465,29.79691455193804,28.907106403199432,29.402304279200724,29450973
2020-05-01,29.12375259399414,29.355875893337284,28.93031754820437,29.28623952573205,22679867
2020-05-04,29.1082820892334,29.340405416903998,28.94579513766619,29.092804919330145,19893512
2020-05-05,29.79690933227539,30.067717755331962,29.611211327925314,30.029032615460068,24123952
2020-05-06,29.79690933227539,30.183782507912632,29.79690933227539,30.15283128502679,24047432
2020-05-07,28.882606506347656,30.078235094925617,28.827904421563346,30.015715733464493,33546080
2020-05-08,29.085786819458008,29.210822414941084,28.94512609477937,29.109232368232846,19893618
2020-05-11,29.773469924926758,29.859431704688927,29.038903438922233,29.109233804732256,25620421
2020-05-12,29.195194244384766,29.882875956953782,29.179565971460818,29.789103177417157,19335314
2020-05-13,28.952938079833984,29.242076785301563,28.593469017251017,29.15611815815884,24596882
2020-05-14,29.63280487060547,29.66406140996469,28.74194636898321,28.75757463866282,22362507
2020-05-15,29.507776260375977,29.82817154036854,29.218637523800876,29.664065261448723,25460002
2020-05-18,29.750030517578125,30.05479756148889,29.406189647835134,29.961024778281846,22635177
2020-05-19,29.445253372192383,29.71094649912236,29.15611470100906,29.578099935657374,19476234
2020-05-20,29.406185150146484,29.851616013728577,29.343668923572647,29.656250056441824,17504200
2020-05-21,29.117048263549805,29.421815280100873,28.95294198017837,29.35929904957739,17652181
2020-05-22,29.304594039916992,29.32803958777644,28.88260874036414,28.999827053683962,15781226
2020-05-26,29.29677963256836,29.5937324807548,29.265519949710207,29.421812080016075,23260094
2020-05-27,29.234262466430664,29.335852504954183,28.890421676037487,29.234262466430664,25904158
2020-05-28,29.835987091064453,30.039167200883742,29.476517972761094,29.57029389144582,22521767
2020-05-29,29.843807220458984,30.031355933753357,29.367116587261876,29.906323458223778,48333067
2020-06-01,27.71042251586914,27.921413571111756,27.280619986982384,27.741679053538213,76884979
2020-06-02,28.257450103759766,28.257450103759766,27.546325918721493,27.765134327038876,42690900
2020-06-03,28.257450103759766,28.452816100611674,27.772948464194037,28.3590401707633,38751996
2020-06-04,28.140228271484375,28.359036652657288,27.89797748175415,27.90579161793992,27013388
2020-06-05,28.124595642089844,28.51532438479706,28.038633873377773,28.319958442447277,36705655
2020-06-08,28.593467712402344,28.60128184705942,27.882343754701868,27.97611651257899,30194149
2020-06-09,28.29651641845703,28.648171349029898,28.265256736142994,28.523138903758532,21675088
2020-06-10,28.069900512695312,28.48407176298494,28.046454959966084,28.413741388783517,29557217
2020-06-11,26.022478103637695,27.882344303366924,26.006849834016013,27.819828082887916,63166642
2020-06-12,26.3741397857666,26.647647125964838,25.827118821384328,26.63201885326617,37902472
2020-06-15,26.069366455078125,26.350691022552645,25.600493223284705,26.022478503500317,36247482
2020-06-16,26.10062599182129,26.53824270780051,25.569236509555452,26.24910241860156,55616945
2020-06-17,26.225656509399414,26.38976276580136,26.03810784865102,26.249100484741998,27509822
2020-06-18,25.97559356689453,26.155328106273913,25.772415050423003,25.99903754398668,32278855
2020-06-19,26.116256713867188,26.36632319271373,25.88181850626313,26.3272493726149,43986266
2020-06-22,25.874006271362305,26.069370673219122,25.717715692474705,26.045926693636876,23332503
2020-06-23,25.608308792114258,25.983407712751326,25.584864815012644,25.94433389391655,37690408
2020-06-24,25.155065536499023,25.57705244038924,25.0065890992959,25.561424168576472,30817695
2020-06-25,25.256654739379883,25.30354269523685,24.873741669869037,25.092548464876817,27418651
2020-06-26,25.037845611572266,25.225395858297397,24.70182050814231,25.201951881082223,42153992
2020-06-29,25.50672149658203,25.53016390376936,25.162880672545278,25.366059198476417,23956261
2020-06-30,25.553604125976562,25.69426640340704,25.186320948737308,25.420757554122737,25451676
2020-07-01,26.366323471069336,26.99148574729492,26.350693628665535,26.99148574729492,73503009
2020-07-02,26.968042373657227,27.233735546032577,26.600759156788936,27.054001005310273,45270881
2020-07-06,26.968042373657227,27.3431397259492,26.866452329164286,27.31188318425447,27150935
2020-07-07,26.592945098876953,26.843010001133813,26.5382430087592,26.60857336976987,25148018
2020-07-08,26.3741397857666,26.858641375368414,26.23347747649637,26.577316756827944,24256545
2020-07-09,26.14751434326172,26.475726885233193,25.86618975614225,26.35850856909946,20363702
2020-07-10,26.43665313720703,26.60075940863567,26.17095839131991,26.30380497876533,24459019
2020-07-13,27.515064239501953,27.913607199563668,26.975860536826932,27.13996683120446,56569129
2020-07-14,27.53069496154785,27.679169837013482,27.257184477804685,27.640099155045117,32854129
2020-07-15,27.913597106933594,28.132405420323142,27.718234336831134,28.12459128655807,26294454
2020-07-16,27.8198299407959,27.851086482126682,27.554133629521754,27.8198299407959,18421812
2020-07-17,28.32777214050293,28.390291503325074,27.921415134112817,28.02300517120842,23347365
2020-07-20,28.523141860961914,29.398372210595422,28.382477988953674,29.296782160032706,36815693
2020-07-21,28.67161750793457,28.976387667925213,28.538770910190628,28.866983478491566,23588520
2020-07-22,30.132936477661133,30.265786204032924,29.320222416765727,29.875057444219845,90705554
2020-07-23,30.015714645385742,30.804986207808465,29.835980128179084,30.656511370199198,59639536
2020-07-24,29.42962646484375,29.812541087643517,29.171747432544656,29.718765180266132,33870501
2020-07-27,29.33585548400879,29.499961760905837,29.093604707538574,29.19519161438589,27640307
2020-07-28,30.492414474487305,30.742479419998343,29.742216495961117,30.11731391422767,56393954
2020-07-29,30.679956436157227,30.828434428645217,30.046976932800074,30.711216118467682,37033660
2020-07-30,30.569486618041992,30.72730630892842,30.143376942620296,30.206504184434564,32273796
2020-07-31,30.364320755004883,30.577377179434055,29.87508383692487,30.20650423654769,28472124
2020-08-03,30.261737823486328,30.506356257093202,30.15915487626371,30.466900545230388,31036400
2020-08-04,30.293306350708008,30.52214381772059,30.056578374171107,30.230179101811622,29448549
2020-08-05,30.34064292907715,30.40377015789251,30.088134013815704,30.356423943105778,24292697
2020-08-06,30.198610305786133,30.85355734945891,30.103917867281165,30.59315472992082,20922111
2020-08-07,30.34064292907715,30.474787893722187,30.111805534858647,30.222278978460743,23097251
2020-08-10,30.293306350708008,30.506362798671958,30.190723381488187,30.419560848500772,19964552
2020-08-11,29.819843292236328,30.443228295839074,29.725154027805008,30.4274441078496,21326847
2020-08-12,30.245954513549805,30.419555209006415,29.835625885443392,29.851410074267644,19957595
2020-08-13,30.11970329284668,30.127593801760543,29.89086584353818,30.04079503100643,15340021
2020-08-14,30.032901763916016,30.293301224965276,29.930318812053628,29.993446050268638,12901276
2020-08-17,30.261737823486328,30.309080870480294,29.946098473986147,30.017119389879454,17494187
2020-08-18,30.26963233947754,30.34854060095065,30.119703152706876,30.340650092073496,10846398
2020-08-19,30.190717697143555,30.466901342003702,30.080247411900757,30.364318392098323,15690055
2020-08-20,30.55370330810547,30.60894003713584,30.088137951721414,30.127590491956493,21957455
2020-08-21,30.679960250854492,30.774652700440427,30.435341790909266,30.703631776900217,25467170
2020-08-24,30.64838981628418,30.806209481110457,30.41166190539526,30.790428466438122,25011947
2020-08-25,30.309083938598633,30.42744791346762,29.946101505360616,30.387995370312293,26221201
2020-08-26,30.025014877319336,30.198615596525524,29.717265984611746,30.135488350696154,24083689
2020-08-27,29.875083923339844,29.985557390200334,29.733048421777227,29.953992182796686,22156556
2020-08-28,29.91453742980957,30.03290139660275,29.51209930817251,29.882972224737458,32830519
2020-08-31,29.819843292236328,30.00133448615589,29.591005879750554,29.85929900315836,30032465
2020-09-01,29.101770401000977,29.84351939976069,28.80980574084783,29.819844703006986,36145560
2020-09-02,29.35427474975586,29.43318299027026,28.722999307538355,29.014963921952635,29068688
2020-09-03,28.72300910949707,29.583122232697722,28.48628113446777,29.488429773605265,35956788
2020-09-04,28.691438674926758,28.90449505918199,28.304781614941575,28.794021613471937,26872257
2020-09-08,28.352130889892578,28.888713989310745,28.154858671381874,28.82558675247927,26736818
2020-09-09,28.54940414428711,28.920277029501218,28.517838941883284,28.63620289867085,27490533
2020-09-10,28.131183624267578,28.659876209084782,28.075946896140334,28.565186941367518,21650741
2020-09-11,28.462608337402344,28.494170373891812,27.973371390202015,28.202205672855747,24109301
2020-09-14,29.2043514251709,29.622570531432853,28.62831265086066,28.691439883539765,29565543
2020-09-15,29.164899826049805,29.47264552532771,29.04653585150434,29.346391042172748,22003726
2020-09-16,29.022857666015625,29.441076735263863,28.975511452521328,29.41740204216633,22208412
2020-09-17,29.054424285888672,29.17278825198401,28.841367877836557,29.02286225370392,17894390
2020-09-18,28.904499053955078,29.251697280698924,28.857152831721397,29.022863023188606,31694623
2020-09-21,28.423145294189453,28.786130829185588,27.918127458892016,28.69932890580579,26608968
2020-09-22,28.604639053344727,28.667769461147447,28.202200946634093,28.2574376739356,22727297
2020-09-23,28.407365798950195,28.70722094786649,28.383694276417746,28.67565574512217,23102521
2020-09-24,28.217987060546875,28.43893081212906,28.044386358995702,28.367913064381167,20859925
2020-09-25,28.44682502746582,28.525733285034296,28.028605868760458,28.044386885733864,14365598
2020-09-28,28.715112686157227,28.865041853392125,28.533621487526258,28.533621487526258,15044269
2020-09-29,28.541513442993164,28.833478111721124,28.431039982101357,28.746679348278334,13512491
2020-09-30,28.959735870361328,29.16490179889259,28.604643922704952,28.620428113693155,22629275
2020-10-01,28.6993350982666,29.267483458266575,28.53362489554148,29.1254447819158,22520396
2020-10-02,28.707225799560547,28.928172738008982,28.4310421265,28.454716825734668,21461759
2020-10-05,28.99918556213379,29.10176850508051,28.675655718286762,28.825584878955127,19400029
2020-10-06,28.541513442993164,29.220135224842448,28.47838620429804,29.196460527393434,25233392
2020-10-07,28.778240203857422,28.872932644376586,28.431038818888773,28.612533192000708,22160034
2020-10-08,29.10965919494629,29.338496604783618,28.809804044432113,28.880821785108957,17857395
2020-10-09,29.03074836730957,29.291147784221646,28.8729287121715,29.062310394716715,23667465
2020-10-12,29.054424285888672,29.338498439057734,28.778240640765794,28.959731843931895,19413837
2020-10-13,29.1175537109375,29.29904492774138,28.904500459577207,28.93606249413362,21543233
2020-10-14,29.085988998413086,29.433187210074347,28.857151578142307,29.20435296250478,22120298
2020-10-15,28.84136962890625,28.991298808990376,28.73089933685129,28.904500042511167,16089205
2020-10-16,29.94610023498535,30.08024839412713,29.212244891009906,29.251697432491575,42993503
2020-10-19,29.82773780822754,30.656288812726842,29.70148332355189,30.316977902222582,31931352
2020-10-20,29.58311653137207,29.898755885714962,29.47264307462218,29.882971697106957,22384852
2020-10-21,29.25959014892578,29.55155163707088,29.243805960152084,29.472643384007444,18984859
2020-10-22,29.53577423095703,29.64624770236903,29.22013800742393,29.259593725128685,19243616
2020-10-23,30.127592086791992,30.206503516841938,29.70937292925243,29.93031985706999,30557884
2020-10-26,29.92242431640625,30.001332560484382,29.57522296614103,29.882968608016736,33783124
2020-10-27,29.53577423095703,30.0802510790164,29.09388351801069,29.22802851642455,36851529
2020-10-28,27.973365783691406,29.29904084999039,27.87078284025724,29.038641410335575,33857537
2020-10-29,27.83922004699707,28.12329420656357,27.302636933460942,27.99703972957876,27545341
2020-10-30,27.997039794921875,28.036495508834715,27.492018713102595,27.80765807900265,25631067
2020-11-02,28.5888614654541,28.604642482946293,28.04438780765968,28.35213351226509,21430666
2020-11-03,28.557294845581055,28.89660574109312,28.47049608096476,28.74667973692823,21636617
2020-11-04,29.45686912536621,30.08025430294638,29.16490439754289,29.243812668707953,40870536
2020-11-05,29.01042366027832,29.735882741831297,29.01042366027832,29.69602446613922,33926995
2020-11-06,29.018400192260742,29.27350922621259,28.771266020117338,29.010428535782605,23870676
2020-11-09,31.250581741333008,33.474795411796165,30.59687073657504,33.371157480408584,230153864
2020-11-10,30.836029052734375,32.31883689748896,30.660643040759986,32.24708880289249,80091668
2020-11-11,30.692535400390625,32.047787271365294,30.214210456439627,30.99547431787094,58980997
2020-11-12,29.9351863861084,30.564982388983605,29.68805226008449,30.51714925371098,46767877
2020-11-13,30.788196563720703,30.820086387167645,30.06273753759513,30.190290420723855,40175634
2020-11-16,29.75980567932129,30.25407401971006,29.377143734076526,30.18232590664238,75530167
2020-11-17,30.282896041870117,30.669413913695124,30.09803827476704,30.661012744885696,46984500
2020-11-18,30.518171310424805,31.442453858786646,30.50136576523077,31.030729220187826,63442700
2020-11-19,30.408939361572266,30.778654975482006,30.131655856470225,30.753445052959812,43261800
2020-11-20,30.83746910095215,31.350026991476064,30.619000226960047,30.83746910095215,60633800
2020-11-23,30.686220169067383,31.16516693556335,30.425739055313752,31.114750305547588,43673100
2020-11-24,30.753440856933594,30.871079666882483,30.26609289417893,30.358521785045287,42485300
2020-11-25,30.694622039794922,30.719831958043958,30.450949669138826,30.69462203979492,26955800
2020-11-27,31.28280258178711,31.30800929416899,30.87947915702874,30.904685869410624,25277000
2020-11-30,32.19028854370117,32.6020132123287,31.59370286445663,31.88779511880653,65425900
2020-12-01,33.114566802978516,34.03044812771541,32.778462329461746,33.106165633539014,72499700
2020-12-02,34.28252029418945,34.79507810533886,33.86239136115936,34.005236865160875,84347500
2020-12-03,33.685943603515625,34.475784975583,33.206996796312126,34.433772716330566,68570100
2020-12-04,33.89600372314453,33.98843260474892,33.51788702809451,33.51788702809451,35368100
2020-12-07,34.660648345947266,34.78668834933743,33.92122028374121,34.16489591411929,48253700
2020-12-08,35.761383056640625,35.93783647438143,34.74466840014119,34.786683866076636,87039300
2020-12-09,35.164791107177734,36.19831112353911,34.55980761128676,36.189906749728024,86118500
2020-12-10,35.063968658447266,35.47569652053259,34.82869742601574,35.139592012490276,57749200
2020-12-11,34.55140686035156,35.34965257364397,34.19009567649636,35.26562805869941,60737000
2020-12-14,32.94651794433594,35.00515084371253,32.82888232814244,34.97153975184863,94809700
2020-12-15,32.52638626098633,32.92130854487388,32.10625726292039,32.82047848283042,65712800
2020-12-16,31.795366287231445,32.324729781980295,31.711341760275225,32.08105416634492,56515300
2020-12-17,31.955015182495117,32.03063854128256,31.35003151752589,31.786966123261095,52036400
2020-12-18,31.660921096801758,32.00542674206399,31.50967440323982,31.92140222578728,60259200
2020-12-21,31.408843994140625,31.425649538275465,31.013921720296388,31.32481627346643,40891800
2020-12-22,30.87108039855957,31.36683274786821,30.753441585822518,31.265999479807878,33634400
2020-12-23,31.459253311157227,31.635709898854614,30.98871095817587,31.097942172786894,36182000
2020-12-24,31.316417694091797,31.568494466302834,31.240794341895477,31.4256521373376,14790100
2020-12-28,30.938302993774414,31.576900944928642,30.820667372596077,31.392043137173953,26993700
2020-12-29,31.131555557250977,31.257595528444835,30.91308990655519,31.005518791386734,23152100
2020-12-30,30.87108039855957,31.29120939948791,30.837469309206128,31.114752783047283,24889800
2020-12-31,30.929893493652344,31.022319167309046,30.492959014563983,30.80385353042957,30796500
2021-01-04,30.929893493652344,31.039124709427377,30.476153472445652,30.980306914677925,33565700
2021-01-05,31.249191284179688,31.400437968109625,30.75343897692703,30.854272236433406,29909400
2021-01-06,30.98031234741211,31.49287025325085,30.896287827415257,30.946704462611354,34962500
2021-01-07,31.139970779418945,31.215594147413473,30.81226738122216,31.12316523038341,27809500
2021-01-08,31.198781967163086,31.534883260444133,31.00552300232722,31.2239886826934,33462400
2021-01-11,31.73654556274414,31.786962197485963,31.215586491731766,31.274404296265587,47286900
2021-01-12,31.24078941345215,31.753347252442204,30.938296052387226,31.67772391217597,47831100
2021-01-13,30.971914291381836,31.232392252757855,30.787056482407653,31.089549913336203,31027900
2021-01-14,30.879480361938477,31.055933766156123,30.761844759126713,30.90468707530392,30272000
2021-01-15,30.83746910095215,30.904688073875185,30.58539234316347,30.82066355638892,34287800
2021-01-19,30.8626766204834,31.089546670012272,30.770247725638676,30.887883335321064,33451300
2021-01-20,30.669414520263672,30.929895633121564,30.635803433702076,30.913090089840768,35400100
2021-01-21,30.652610778808594,30.745039669621324,30.375327311700225,30.576987432264527,33829700
2021-01-22,30.711429595947266,30.946704018153387,30.459352834247067,30.518170638466117,26271200
2021-01-25,31.324817657470703,31.333222032574348,30.518170735337623,30.71142969343222,31728500
2021-01-26,31.35002899169922,31.593701390088352,31.22398900209822,31.316417900428274,27718700
2021-01-27,30.450944900512695,31.123150517507952,30.392123904029468,31.081138267444977,50561200
2021-01-28,30.459444046020508,30.858662552431678,30.442455679769015,30.535890074052443,39466700
2021-01-29,30.493417739868164,31.325828162044612,30.255583876246874,31.325828162044612,60251900
2021-02-01,30.408483505249023,30.739748596308154,30.340533270257424,30.51890628233541,40395800
2021-02-02,29.720470428466797,30.391493130596135,29.10890215290606,30.374504762919468,84062400
2021-02-03,29.59305763244629,29.975287783249627,29.54209253227263,29.720468762780616,38524200
2021-02-04,29.635528564453125,29.796916437141977,29.474143931964093,29.567578334005045,34284900
2021-02-05,29.6610050201416,29.796911940929693,29.54208970465135,29.6610050201416,31749600
2021-02-08,29.576066970825195,29.737451581886667,29.50811674939909,29.694982288470424,31633900
2021-02-09,29.7034854888916,29.779931532159388,29.525109227799966,29.55908596707458,30170200
2021-02-10,29.508119583129883,29.79691534237317,29.47414284905427,29.728961874221948,29039900
2021-02-11,29.244800567626953,29.56757301473741,29.117389453183574,29.559077212334923,30885200
2021-02-12,29.491134643554688,29.686496026894815,29.185350481735327,29.253300717584032,25578600
2021-02-16,29.46565055847168,29.610050075409177,29.355231019860753,29.601554270777513,28730300
2021-02-17,29.635528564453125,29.728962966494077,29.270286760220213,29.363721162261164,26389400
2021-02-18,29.355224609375,29.627031974630377,29.321247878668235,29.54209014786346,24052500
2021-02-19,29.2532958984375,29.457153052800624,29.219322406209933,29.440164686587067,28145300
2021-02-22,29.10040283203125,29.19383722286097,28.913537290571234,29.159863731813335,34322500
2021-02-23,28.803115844726562,29.040946493879026,28.60775449146567,28.879561873411223,37624200
2021-02-24,28.667213439941406,28.92203246692316,28.599259971306417,28.769140402694163,30686100
2021-02-25,28.726673126220703,28.972999607055463,28.488842449662975,28.726673126220703,37506100
2021-02-26,28.446369171142578,28.794622573204844,28.33594641238152,28.743657475269085,41462800
2021-03-01,28.616247177124023,28.82010433455607,28.463355119099884,28.5313085849771,30407800
2021-03-02,28.463354110717773,28.78612658180037,28.454861547883787,28.60775360049136,27670400
2021-03-03,29.21082305908203,29.261788151539502,28.40389358293408,28.463351237368222,46020200
2021-03-04,29.049442291259766,29.805406774654315,28.743658176583416,29.100404150239438,45449600
2021-03-05,29.21082305908203,29.3467267321028,28.84558133030137,29.12588447851873,30589900
2021-03-08,29.176855087280273,29.618542967206103,29.15986995822939,29.28727786731176,24352300
2021-03-09,29.261791229248047,29.601548827435558,29.25329542617865,29.338237255875146,25167100
2021-03-10,29.669504165649414,29.847877158982048,29.32125074239059,29.423177704266426,33501800
2021-03-11,29.482635498046875,29.830888922833438,29.440166200428948,29.78841962521551,24557900
2021-03-12,29.677995681762695,29.711972414588885,29.312753904380134,29.35522644051266,16342400
2021-03-15,30.07721710205078,30.09420547010756,29.694986921272974,29.737456221314975,21896100
2021-03-16,30.433961868286133,30.45944279651832,29.992274084464853,30.128177768702216,25022400
2021-03-17,30.399986267089844,30.544382519371744,29.830887340556405,30.433962999461894,42540100
2021-03-18,30.383005142211914,30.552885604360938,30.170655374575713,30.179147939593022,24729800
2021-03-19,30.179140090942383,30.425466534986647,30.128178233691482,30.366008874727616,48348900
2021-03-22,30.57835578918457,30.58684835121615,30.03474109358649,30.136668038961336,25427500
2021-03-23,30.03474998474121,30.51890716884523,30.00077324615844,30.42547275784268,27970500
2021-03-24,30.247095108032227,30.518902494664953,30.043237947957863,30.136672344650297,22883400
2021-03-25,30.298059463500977,30.399989672033794,29.94131345423582,30.281074335612075,24875300
2021-03-26,30.790706634521484,30.82468336431775,30.272572845825923,30.306549575622192,27944500
2021-03-29,31.104990005493164,31.206920216906028,30.49342493801596,30.603844473413236,27004800
2021-03-30,30.671796798706055,31.11348464434927,30.595350763110115,31.079507908484437,26303300
2021-03-31,30.773725509643555,30.94360595839274,30.612340865441855,30.70577527426391,26582700
2021-04-01,30.833175659179688,30.960586774710713,30.595345033067655,30.833175659179688,21319900
2021-04-05,30.816194534301758,31.062521020760077,30.663302455824184,30.952098244037376,22096900
2021-04-06,30.620826721191406,30.918118251420054,30.578357428358554,30.799199695208987,20722900
2021-04-07,30.50191879272461,30.782222025669512,30.374507643167814,30.60384576824997,21933800
2021-04-08,30.544384002685547,30.705771869190418,30.467937971235788,30.544384002685547,18129400
2021-04-09,31.08799934387207,31.266375580587543,30.493422688819678,30.493422688819678,31686700
2021-04-12,31.40228271484375,31.45324458216731,30.858667862058375,30.986075770567385,29944900
2021-04-13,31.56366539001465,31.97987230829182,31.33432728078436,31.776015131131594,33967400
2021-04-14,31.572153091430664,31.750529309048463,31.39378011401227,31.57215309143066,23842900
2021-04-15,31.937395095825195,32.05631365522215,31.648599360545735,31.648599360545735,24945800
2021-04-16,32.76131820678711,32.87174098079395,32.1157764114701,32.166738276242526,52829500
2021-04-19,33.067100524902344,33.09258145587738,32.55746246420311,32.78679732337793,30905100
2021-04-20,33.152042388916016,33.330418643920396,32.91421170251029,32.91421170251029,26459400
2021-04-21,33.57674026489258,33.69565560232312,33.23698262083387,33.24547518485036,29365000
2021-04-22,32.820777893066406,33.551261574901346,32.71885091705692,33.53427320553307,33373600
2021-04-23,32.83776092529297,32.98216042135386,32.64239956961027,32.812279995482065,24375000
2021-04-26,32.85474395751953,32.90570904906613,32.69335936125393,32.89721324704215,19773400
2021-04-27,32.659385681152344,32.79528936442598,32.5744438539817,32.71034753725534,19061500
2021-04-28,32.96516799926758,33.07558750833041,32.718841574067305,32.73582993858449,21963300
2021-04-29,32.78679656982422,33.12655742928134,32.540473348927485,33.118064865884776,23569400
2021-04-30,32.82927322387695,33.04162297761432,32.69336951109304,32.701862075554494,28413200
2021-05-03,33.83155822753906,33.84005079047097,33.09257888468199,33.16053234893531,46638600
2021-05-04,33.93348693847656,34.1203524944373,33.4917991185881,33.97595623573129,52802200
2021-05-05,33.950477600097656,34.9018035317414,33.067101900614226,34.12885060474338,76627500
2021-05-06,33.61594772338867,33.650259250114225,32.560892817532434,33.00693284858282,54944900
2021-05-07,33.950477600097656,34.19922796948496,33.495858086127,33.495858086127,33807800
2021-05-10,34.190650939941406,34.55091211831415,34.122027893321665,34.164918933522486,30831900
2021-05-11,33.7531852722168,34.37077956804879,33.650253980287054,34.03625041518205,30568600
2021-05-12,34.044830322265625,34.24211668307606,33.7188806507321,33.830388198933356,26208600
2021-05-13,34.39651107788086,34.55090964961637,33.88185135351362,33.88185135351362,25415000
2021-05-14,34.3278923034668,34.58522217311049,34.24211349883436,34.51660240153135,18041100
2021-05-17,34.40509033203125,34.65384394816844,34.319311530539096,34.37077881143439,18095000
2021-05-18,34.3536262512207,34.610956135414376,34.16491941461308,34.46513706748453,15805500
2021-05-19,34.164920806884766,34.22496433990592,33.82181209922634,34.22496433990592,20209500
2021-05-20,34.41366958618164,34.52518040181162,34.070564166582685,34.07914041141869,18621100
2021-05-21,34.26784896850586,34.82539647717349,34.23353744646042,34.49086731754754,21144800
2021-05-24,34.14775848388672,34.43082033201555,34.122023208873905,34.37935632624295,16922300
2021-05-25,33.73603057861328,34.19064675437122,33.65883129668018,34.15633523526172,25916300
2021-05-26,33.384342193603516,33.710295078719945,33.26425514964655,33.70171883506296,28036500
2021-05-27,33.15275573730469,33.60737202132563,33.10986469214039,33.42724141129401,38471200
2021-05-28,33.221370697021484,33.470124325502766,33.17848293021051,33.23852645817125,16154100
2021-06-01,33.02408981323242,33.45297409652115,33.00693404924558,33.40150680456064,23642400
2021-06-02,33.27284240722656,33.39292947912492,33.058400272514554,33.14417581754844,19629000
2021-06-03,33.42723846435547,33.487281995739245,33.135597052436935,33.24710459807707,17376300
2021-06-04,33.581634521484375,33.88185215578619,33.470123712117925,33.49585571730757,19375300
2021-06-07,33.444393157958984,33.9676291615682,33.4272373963793,33.5215924490041,24110700
2021-06-08,33.32429885864258,33.547320460494156,33.006925487528555,33.513008941420594,18880300
2021-06-09,34.14775848388672,34.17349048677302,33.43580919751833,33.45296495681803,29824000
2021-06-10,34.894020080566406,34.92833160316181,34.21638223387815,34.224961750590445,42613700
2021-06-11,34.43939971923828,34.885436370860404,34.26784539900781,34.876860127305804,21386900
2021-06-14,33.99336242675781,34.37077934277774,33.77892032790239,34.336467821650444,23408300
2021-06-15,33.959049224853516,34.1734913130953,33.78749489983477,34.06198051101412,20206900
2021-06-16,33.710296630859375,34.173492340700406,33.69314087062896,33.984782250292575,19177500
2021-06-17,33.86469650268555,33.95905155151681,33.51301158475883,33.68456592153141,19580100
2021-06-18,33.28999328613281,33.830385030385614,33.19563823716355,33.71029797610721,37775900
2021-06-21,33.813232421875,33.86469970941838,33.35003992249304,33.35003992249304,19488100
2021-06-22,33.97621154785156,34.04483132783859,33.675990603042564,33.80465718969317,15975900
2021-06-23,33.4958610534668,34.019100389857726,33.435817517041016,33.993368380568775,22025400
2021-06-24,33.61594772338867,33.75319055816362,33.52159593308432,33.573059951045366,13436500
2021-06-25,33.43580627441406,33.80464688679575,33.35860700037775,33.555893306886944,22774300
2021-06-28,33.555904388427734,33.63310368795843,33.36719753456282,33.461549325431626,19225700
2021-06-29,33.53874206542969,33.6931406342937,33.435810776895906,33.56447734165813,14516600
2021-06-30,33.5902099609375,33.68456500720762,33.298568577978386,33.57305420051323,21248100
2021-07-01,33.93332290649414,33.99336643949133,33.54732642856422,33.59879044420345,20035900
2021-07-02,34.07914733886719,34.16492616529888,33.778929626675385,33.84754941569309,16592700
2021-07-06,33.701725006103516,34.01052218832254,33.48728288202109,33.86469984244038,18931900
2021-07-07,33.7531852722168,33.76176478861823,33.42723563575149,33.6416777360124,17665200
2021-07-08,33.66741180419922,33.72745533418177,33.39292616081412,33.45296969079668,23021200
2021-07-09,33.97621154785156,34.39651628960605,33.84754496120096,33.907588495737315,21578700
2021-07-12,34.1048698425293,34.5251777945465,33.96762703062859,34.01909431213888,24513000
2021-07-13,34.010528564453125,34.13919189974748,33.90759396966434,34.11345988711415,12222000
2021-07-14,34.26784896850586,34.3364687404699,34.019095341866674,34.07056262493483,15888600
2021-07-15,34.38793182373047,34.47370734624145,34.19064550425408,34.26784478336453,20250800
2021-07-16,34.61095428466797,34.61095428466797,34.250693120486424,34.43082370257719,24270400
2021-07-19,34.43939971923828,34.61095076734225,34.03624755751565,34.37077668229549,29818400
2021-07-20,35.211395263671875,35.77752232659786,34.48229336837208,34.52518113772024,48804100
2021-07-21,35.18564987182617,35.374359911725,34.756765797238515,35.374359911725,27530200
2021-07-22,35.571651458740234,35.64027121932602,35.08272380310869,35.27143059881433,18913300
2021-07-23,35.75178909301758,35.88045566877544,35.528767464654216,35.56307898780657,21609200
2021-07-26,35.86329650878906,35.974804040277334,35.503032094081924,35.70031842532267,23720000
2021-07-27,36.112056732177734,36.19783555540919,35.666019939884286,35.871882571384724,32544100
2021-07-28,37.27003860473633,37.518792232522955,36.24071584351296,36.32649137689538,53822400
2021-07-29,37.03634262084961,37.47776520014916,36.88919955990787,37.41717785204457,29015000
2021-07-30,37.05365753173828,37.38255936867994,36.949790665770536,37.11424488600454,24763300
2021-08-02,38.04901885986328,38.204815837776174,37.43448817018618,37.47776437477026,43066900
2021-08-03,39.537742614746094,39.69353958692364,38.14422708680395,38.23077949278586,45643300
2021-08-04,39.11362838745117,39.64160665508731,38.95783141333681,39.25211421980141,43391200
2021-08-05,39.00111389160156,39.07035516217346,38.68951991962069,38.94918046235044,23505400
2021-08-06,39.009769439697266,39.21749986360506,38.62893418125656,39.02708058350317,20413000
2021-08-09,39.79741287231445,39.840689085894475,39.044396190378954,39.044396190378954,32374300
2021-08-10,41.71024703979492,42.0391521835624,39.71951163612208,39.98782942469071,81189400
2021-08-11,40.083030700683594,41.615032008929795,40.039751197351684,41.35536819598846,50878200
2021-08-12,40.88798522949219,41.02647107126322,40.109000305928326,40.247486147699355,29676400
2021-08-13,41.96125411987305,41.97856526464738,40.957230835304586,41.035129335907456,35379200
2021-08-16,42.33342742919922,42.385360853648045,41.12167393949442,41.74486182582976,38045800
2021-08-17,43.6403923034668,43.70098295656243,42.16032420360481,42.22091155493742,68817000
2021-08-18,42.679649353027344,44.886769009429976,42.5584713464696,43.47594215697119,88598000
2021-08-19,42.23822784423828,43.24225117662114,41.77083681836262,41.97856726378405,57741600
2021-08-20,42.168983459472656,43.0431747863959,42.117050026499356,42.394021732163935,35157500
2021-08-23,43.216285705566406,44.454004539329716,42.93065675849947,43.5278797199073,88652400
2021-08-24,41.87469482421875,43.32014050709776,41.753520132451975,43.051826061546386,52624100
2021-08-25,41.12167739868164,41.78814154390649,40.61966746049742,41.58041443216231,51036800
2021-08-26,41.0091552734375,41.68427326271934,40.939910709530366,41.28612692554095,29029300
2021-08-27,40.33403778076172,41.113022689263424,40.273450432518565,41.000501913199216,32924500
2021-08-30,40.472530364990234,40.81874667130523,39.95320920728114,39.98783149826532,25774400
2021-08-31,39.87530517578125,40.801429869763005,39.754130475897725,40.437905770112415,34547800
2021-09-01,39.84933853149414,40.03975449443174,39.31270302220442,39.97916714689303,32900100
2021-09-02,40.54176712036133,40.5677321827052,39.92723643196273,40.2301731651838,26106300
2021-09-03,40.54176712036133,40.7062180181438,40.10899847189537,40.59370054681184,20817200
2021-09-07,40.46387481689453,41.113027888823325,40.28211274917766,40.671605252687584,26236900
2021-09-08,40.25614929199219,40.498502046942825,40.031110985713376,40.25614929199219,15839600
2021-09-09,39.8406867980957,40.43790973720106,39.684889796743285,40.22152537996307,21695300
2021-09-10,39.4598503112793,40.11765728439073,39.39060573423432,40.04841600910892,20801500
2021-09-13,38.585655212402344,39.667576859653245,38.25675010714448,39.589678368980664,37086200
2021-09-14,38.698177337646484,39.174222259300954,38.55969148222403,38.66355504835006,24100200
2021-09-15,38.75010681152344,39.269427890844796,38.49044627186276,38.568344763937255,28674600
2021-09-16,38.49045181274414,38.94053168710311,38.10961321810627,38.84532203844365,22424200
2021-09-17,37.988433837890625,38.481789864219365,37.48642389082058,38.23078323980286,56370500
2021-09-20,38.25674819946289,38.64624063340365,37.555661818369515,37.555661818369515,41873000
2021-09-21,38.014400482177734,38.715486954835434,37.95381312918099,38.30002940495932,23645600
2021-09-22,38.04036331176758,38.42119851827803,37.93649976485793,38.07498559465834,22616700
2021-09-23,38.24809265136719,38.706829672198424,38.21347366820636,38.32599114156398,19719200
2021-09-24,38.031715393066406,38.438519062134105,37.91919789879258,38.144236189103665,16150700
2021-09-27,37.71146774291992,38.19616992039925,37.65953430548031,38.01440454024234,19955900
2021-09-28,37.25273132324219,37.460458454909904,36.724752969128296,37.27869638925984,28512200
2021-09-29,37.67684555053711,37.81533141564406,37.28735632488619,37.408531044134335,18037200
2021-09-30,37.22676086425781,38.12692052228696,37.19214187876672,37.901882258661196,21103300
2021-10-01,37.15751647949219,37.304656235354415,36.092905998813855,36.80264631926608,38483000
2021-10-04,36.716102600097656,37.52105281454518,36.53434050051631,37.157528615382475,28906500
2021-10-05,36.62954330444336,37.03634694789877,36.594921015263495,36.811305369992844,19342600
2021-10-06,36.36988067626953,36.52567766697912,36.08425175938093,36.40450296348567,30483800
2021-10-07,36.993064880371094,37.18348083718629,36.53432787577551,36.802645621793204,19778300
2021-10-08,36.7420539855957,37.140200296343814,36.646844367425,36.98440333965763,12778600
2021-10-11,36.40449905395508,36.8891978158764,36.36121954870123,36.74205806365391,11984200
2021-10-12,36.222740173339844,36.53433417683956,36.05828925005422,36.49105796563421,16222300
2021-10-13,35.850555419921875,36.27467017381627,35.43509788850695,36.1361843300113,28205700
2021-10-14,36.06693649291992,36.31794309389953,35.937107883344815,35.97173016660324,17590300
2021-10-15,35.91115188598633,36.3785396208961,35.81594223387546,36.26602212455007,23550300
2021-10-18,35.763999938964844,36.09290502795937,35.52165055852819,35.87652070920873,21733000
2021-10-19,36.43046188354492,36.52567150644945,35.95441707078478,36.00634719108726,17159800
2021-10-20,37.04499816894531,37.31331593788565,36.43912135951541,36.45643250284346,22788300
2021-10-21,37.096927642822266,37.296000817220744,36.724746355366925,37.270035755879135,22142300
2021-10-22,37.356590270996094,37.38255533380391,36.89785655198964,37.062307452710506,17183000
2021-10-25,37.34793472290039,37.42583320969158,36.845921518743225,37.391210926281566,22846200
2021-10-26,37.70281219482422,37.87591704196356,37.14886545798304,37.50373897920332,29729100
2021-10-27,37.1921501159668,37.70281740989556,36.94114343042674,37.61626167259014,22317500
2021-10-28,37.373897552490234,37.79800894276427,37.16616716619914,37.174824387415946,18023400
2021-10-29,37.85860824584961,37.93650674580712,37.0969343909054,37.2960076015161,30307500
2021-11-01,37.77204895019531,38.334649541317766,37.59894082202203,38.204817619747075,32681500
2021-11-02,39.33867645263672,39.849343663198944,37.26138532111775,39.01842853129665,69248000
2021-11-03,38.79338455200195,39.80606498901885,38.49910171494507,39.399261369679415,44593100
2021-11-04,38.28696060180664,38.82830658943324,37.81547032942333,38.67114205505713,38172500
2021-11-05,42.44308853149414,42.617716179739794,40.64442941683099,41.98905797835358,173959100
2021-11-08,42.1986083984375,42.60024962529192,41.56121703444646,42.44308508769757,57423300
2021-11-09,41.299278259277344,42.24226550791791,41.16831002857404,42.198609431016806,29920400
2021-11-10,42.80107498168945,42.96696942053582,41.38659731734102,41.38659731734102,42696200
2021-11-11,43.813907623291016,44.09331051255452,42.547861407771606,42.984428838588975,42370400
2021-11-12,43.420989990234375,44.084574254332196,43.28128856580504,44.02345175857122,27780600
2021-11-15,43.35115051269531,43.74405856574608,43.106670467919116,43.42099957495607,27763200
2021-11-16,43.3074951171875,43.7964519213308,42.6875700601323,43.19398996414634,31297200
2021-11-17,44.41637420654297,44.60846496238769,43.386074693686645,43.60435843233001,36889800
2021-11-18,44.88787078857422,45.1498106257618,44.18936344582543,44.617197736057804,32872600
2021-11-19,44.355255126953125,46.1364512377086,44.25047986477502,45.36809154332958,47966200
2021-11-22,44.704498291015625,44.94024506489861,43.988528087701944,44.486214611206705,27287900
2021-11-23,44.5997314453125,44.92279041957981,43.918683971315815,44.1631640035882,24946200
2021-11-24,44.433841705322266,44.81802325505476,44.276677131476404,44.687051666601256,18556800
2021-11-26,47.149288177490234,47.97003384669666,46.49443695280287,47.18421437551916,66561300
2021-11-29,45.75226593017578,48.633610171908394,45.499056032831625,48.153386686743794,72660800
2021-11-30,46.913543701171875,47.550931858966635,45.32443824897217,45.673693585371424,64598400
2021-12-01,47.74302291870117,48.170857211120676,45.28078244120836,45.813395333635135,59810400
2021-12-02,46.31107711791992,48.09227316031963,46.07533028900713,46.992121292059934,46361700
2021-12-03,47.38503646850586,47.507274834603216,46.363466794736,46.89607967337077,37574800
2021-12-06,44.94898223876953,47.05323712027722,44.74816162045496,46.95719175266043,53724000
2021-12-07,45.158538818359375,45.83958298544751,44.00600099832776,44.74816434293685,41575400
2021-12-08,44.87913513183594,46.34600202831937,44.55607282113455,46.0578659129498,37429200
2021-12-09,45.472869873046875,46.14518085464832,44.975179886404156,44.975179886404156,38325700
2021-12-10,46.08406066894531,46.14517984775727,44.625926930509316,44.70450920765976,26079400
2021-12-13,48.197052001953125,48.659812479737276,46.660332557912824,46.660332557912824,54923200
2021-12-14,48.49391174316406,48.85189690858301,47.428686130126856,47.82159748991477,48685700
2021-12-15,51.340335845947266,51.445111110301966,48.79951320281314,48.99160396308474,75202900
2021-12-16,53.479515075683594,53.636679631345245,50.423542785644536,50.95615563197062,75183600
2021-12-17,51.93406295776367,53.427122823167,51.25301880808748,52.3269743251712,104192100
2021-12-20,53.2786979675293,53.88115991696641,52.239668519175105,52.9119795364512,55712200
2021-12-21,51.4713020324707,52.4230191884196,49.90838979211278,52.39682287701598,63877900
2021-12-22,51.99517822265625,52.90323924108388,50.83391063605238,51.73323844100271,62594900
2021-12-23,51.261749267578125,52.45794648076724,50.91249730542606,52.230929541160336,39203200
2021-12-27,51.68959045410156,51.84675501383539,50.84264847450768,51.38399121873221,27362600
2021-12-28,50.65055847167969,51.9078749682867,49.838546008615126,51.55861964573017,36901700
2021-12-29,50.27511215209961,50.668020216037476,49.829811461209935,50.03936531528958,26170200
2021-12-30,50.9910774230957,51.287943410278785,50.23144769278462,50.42353842882814,24559000
2021-12-31,51.55862045288086,52.21347169486684,51.026007576479614,51.10458985874776,28579600
2022-01-03,49.46308898925781,51.12204315229754,49.19241599542072,51.07838707735479,57219200
2022-01-04,47.61204147338867,49.270998991722486,47.096891787653014,49.087641475802606,66993100
2022-01-05,48.57249069213867,49.27972776062761,48.34547377501643,48.755848203913956,52956400
2022-01-06,47.882720947265625,48.572498359392334,47.577125046067984,48.16212386571648,37000400
2022-01-07,48.65107727050781,48.694733348978886,47.69936010455924,48.33674817632365,27703400
2022-01-10,49.105106353759766,49.12256612003268,47.795404054109206,48.64234260964317,34044700
2022-01-11,49.498016357421875,50.144137649935224,48.72966004238667,49.55040565057009,33576600
2022-01-12,49.46308898925781,49.90838628286592,48.80823787288147,49.19241599542072,27608500
2022-01-13,48.49391174316406,49.55040414223642,48.214508849702696,49.35831340395227,28117900
2022-01-14,47.97876739501953,48.35421569957589,47.59458587552246,48.00496037835048,27072500
2022-01-18,47.245330810546875,47.629508974297906,46.65159880154822,47.58585289467205,35598000
2022-01-19,46.74764633178711,47.57712520592628,46.66906405253718,46.84369170984208,27300400
2022-01-20,47.192935943603516,47.60331037126584,46.33726422714939,47.11435367725849,35105300
2022-01-21,46.092796325683594,47.9089153494207,45.804660183950126,47.51600394285035,41059000
2022-01-24,45.00137710571289,45.45540768932346,43.49958389305834,45.18473464984055,59036400
2022-01-25,45.874507904052734,46.13644770481274,44.73943321359585,44.844208467750796,43983200
2022-01-26,46.284873962402344,46.8174867196384,45.80465049187218,45.90069585212719,39644800
2022-01-27,46.95351028442383,48.018038759361,46.62799503238776,46.645590904939645,36957200
2022-01-28,47.798095703125,48.09721547027949,46.715971348469225,47.30542133661788,28590400
2022-01-31,46.35526657104492,47.63093887406535,46.0913351805058,47.50777111555174,38644600
2022-02-01,46.689579010009766,46.768758758631,46.091332766220326,46.39925550244492,27883300
2022-02-02,47.384605407714844,47.622144676301026,46.14412479803361,46.487235956190354,32039300
2022-02-03,46.962310791015625,47.41099380337032,46.70717566827002,46.918322786834906,22635800
2022-02-04,46.627994537353516,47.006297403028924,46.302479288773334,46.645590409718594,24932200
2022-02-07,46.812747955322266,47.13826657243451,45.95936992739594,46.89192770596178,32358500
2022-02-08,45.48428726196289,45.572263263037584,43.71594077816552,44.551726212652326,67922000
2022-02-09,45.281944274902344,45.50188765551707,44.78047363558634,45.431504162806924,38522200
2022-02-10,44.516536712646484,45.19396269447378,44.33178508743981,44.90363919144465,34200600
2022-02-11,44.674896240234375,45.07959459164516,44.05905748909304,44.279000859091944,34997800
2022-02-14,43.81271743774414,44.42855952816024,42.65141674430551,43.83031330959253,42973100
2022-02-15,43.80392074584961,44.02386410767122,43.29365053551017,43.812717003651954,29150000
2022-02-16,43.70714569091797,44.674895152932145,43.48720232627207,43.62796594540267,27672600
2022-02-17,43.020931243896484,43.95348913068563,42.88896385882594,43.8215251016851,21231700
2022-02-18,42.695404052734375,43.566381236707784,42.4050805621228,42.9153474131644,26955300
2022-02-22,41.81563186645508,42.50185745372663,41.657272373705446,41.8244314805353,34814800
2022-02-23,41.23497772216797,42.36988619721724,41.1557979830699,41.86841563495252,25793000
2022-02-24,40.434383392333984,41.13820141907997,39.94171245164633,40.34640739751664,44227300
2022-02-25,41.98279571533203,42.25552337337423,40.24084445439839,40.30242833563823,31199200
2022-02-28,41.29656219482422,41.49890967413026,40.7686994971623,41.19099032650567,35296100
2022-03-01,40.249637603759766,41.4725222311433,39.97690661071864,41.07662348513831,29854500
2022-03-02,41.96519470214844,42.16754219516675,40.46957914932892,40.56635476687451,36516200
2022-03-03,42.079566955566406,42.748193320458384,41.77164422541566,41.94759959177759,30553300
2022-03-04,42.80098342895508,42.90655531249058,41.71006277885598,41.78924253052502,33217300
2022-03-07,42.21153259277344,42.96813834808829,41.80683758376722,42.449071843121324,33171300
2022-03-08,41.73645782470703,42.59863553859404,40.883079726103,41.85962894617938,32913300
2022-03-09,42.888954162597656,43.302448743338196,42.22912409855769,42.34349558269068,24718900
2022-03-10,43.28485870361328,43.36403845620802,42.27311779335493,42.50186079243738,24542300
2022-03-11,44.22621154785156,44.78046975871525,43.05611125336926,43.23206661384163,33701900
2022-03-14,45.968162536621094,46.54881287652511,44.33178339069085,44.62211023867754,42314500
2022-03-15,45.9329719543457,46.55761031110814,45.02680635633626,46.29367894194776,30172100
2022-03-16,46.557613372802734,46.86553612046382,45.9065828431324,46.223301849380526,29891400
2022-03-17,47.718910217285156,47.72770647452709,46.44323812877982,46.55760625327065,30598600
2022-03-18,47.95645523071289,48.387545751350174,47.252637054634484,47.84208708439813,51815000
2022-03-21,47.67491912841797,48.651468135099854,47.419787394151136,47.718910483080094,34592500
2022-03-22,46.663185119628906,47.789294074384664,46.18810664581529,47.68372219889367,32253600
2022-03-23,45.915374755859375,47.067879173718566,45.888982626526584,46.64558832404717,29183700
2022-03-24,46.26728820800781,46.49602783989737,46.00335683088307,46.223300204498614,25177500
2022-03-25,46.43444061279297,46.84793519929228,46.19690138370204,46.39925222616673,17429600
2022-03-28,46.874324798583984,47.120663628089126,46.188102633401286,46.214494760963966,21863700
2022-03-29,46.399253845214844,47.57815041809716,46.29367861344431,47.507766930250135,39970000
2022-03-30,46.13532638549805,47.26143887586197,45.72183507553882,46.80395620103755,27599600
2022-03-31,45.54587936401367,46.522428590322825,45.5194872301361,45.748226887904856,26055200
2022-04-01,45.36991882324219,45.888985319015305,44.956424207063904,45.853793573793844,19073100
2022-04-04,44.81566619873047,45.633855919285786,44.31419551272172,45.554676160649144,20462800
2022-04-05,45.07959747314453,45.8801912568719,44.6485069637207,44.70129458407965,21176700
2022-04-06,46.51361846923828,46.70716969014403,45.009206768750424,45.009206768750424,31717500
2022-04-07,48.52830505371094,48.74824842385213,46.18810772965138,46.18810772965138,36305700
2022-04-08,48.53710174560547,48.897812097687286,47.912463374278964,48.255574497794385,24612200
2022-04-11,47.44618606567383,49.548844235457366,47.31421869562539,48.79223847346153,22054300
2022-04-12,46.724769592285156,47.44618357018178,46.32007460099085,46.89192534362773,22810700
2022-04-13,46.715965270996094,47.349403180374466,46.364057931617424,46.74236075459961,15777800
2022-04-14,46.73356628417969,47.42858813833487,46.663186150986604,46.97990514052919,17240100
2022-04-18,45.607460021972656,46.724772810067854,45.42270838575455,46.47843729511038,17065000
2022-04-19,44.14703369140625,45.642649285277884,43.434415961249016,45.449098044874056,33441500
2022-04-20,43.76873779296875,44.129444844557455,43.29365923056314,43.98868119896357,24751800
2022-04-21,43.2056770324707,43.99747116718876,43.03851791993245,43.92709103249073,19105600
2022-04-22,42.3434944152832,43.19687232578689,42.14114693728463,43.06490833025869,22156800
2022-04-25,43.06491470336914,43.27605846988877,41.454927542326104,42.09716181260026,27390600
2022-04-26,43.135284423828125,44.20860893866919,43.03850882251375,43.10009604195196,25366500
2022-04-27,43.75993347167969,43.90949334928972,42.41387779284231,43.20567525098194,25819200
2022-04-28,44.43735885620117,44.666101849964576,43.5399928224205,44.37577497851171,28225400
2022-04-29,43.17048645019531,44.28779922571203,43.10890257214924,43.87430459648586,28343300
2022-05-02,42.52825164794922,42.897754911586006,41.75405001871597,41.94760126504168,36228400
2022-05-03,43.364036560058594,44.02386668413957,41.965196562764135,42.99452994541708,33716900
2022-05-04,43.689544677734375,43.87429627683913,42.14994130639003,43.01211879161458,28613700
2022-05-05,42.62502670288086,43.592776209469214,41.833229211257986,43.51359646030692,28333000
2022-05-06,43.14408493041992,43.30244439838532,42.26431159997613,42.30829959528454,19891400
2022-05-09,42.79218292236328,43.25846180799024,42.02678090956233,42.56344328679239,25012300
2022-05-10,43.53999328613281,43.900700297614,42.83617178035225,43.14409452814866,27335900
2022-05-11,43.504798889160156,44.199820737936896,43.13529228553007,43.170484029889025,29699500
2022-05-12,44.69330978393555,44.728788516441185,43.21210822792579,43.46045258858895,33468400
2022-05-13,44.27643966674805,45.048086812819214,44.06357405526751,44.68443829172189,22423700
2022-05-16,44.941654205322266,45.278695397704915,44.23209647144155,44.23209647144155,19435600
2022-05-17,45.53591537475586,45.69556630267861,44.50705571894176,45.19000615873607,19918200
2022-05-18,44.702186584472656,45.60687068910464,44.48931754704018,45.42948377192257,22276000
2022-05-19,44.92392349243164,45.13678914584768,43.98375727010156,44.34740586283931,19865500
2022-05-20,46.53816223144531,46.74215986363003,45.349651786610586,45.47382396416319,31250400
2022-05-23,46.90181350708008,47.629110632376424,46.547032936157734,46.63572977060746,24035800
2022-05-24,47.371891021728516,47.54928129271331,46.75102676500073,46.75102676500073,26729800
2022-05-25,47.63797378540039,47.939536225022486,47.05258827124432,47.185631817686215,24003900
2022-05-26,47.886322021484375,48.711180514490614,47.788757204183106,47.94840810823282,23516300
2022-05-27,47.81536865234375,48.2588426718919,47.469459458446316,47.82423664402187,21407500
2022-05-31,47.04372787475586,47.45172318733198,46.06808293803734,47.2920722592042,66058200
2022-06-01,46.449459075927734,47.25658150353073,45.97937778680529,47.22997415008988,17430600
2022-06-02,46.724422454833984,46.777640554630466,45.26982822811233,46.449467347709486,21903400
2022-06-03,47.185630798339844,47.47832185737594,46.52928783801021,46.52928783801021,18125000
2022-06-06,47.23884963989258,47.6468482969075,47.00824464543906,47.17676354971516,16544400
2022-06-07,47.85971450805664,47.868585883011846,47.017113209536575,47.25658958175416,15091200
2022-06-08,47.42510986328125,48.391883302730115,47.371891766118154,47.94840931001849,12789800
2022-06-09,45.92616271972656,47.584757784433286,45.85520864473428,47.247716623765896,17572700
2022-06-10,44.3207893371582,45.562514414484745,44.30304997246867,45.50929970385401,23826000
2022-06-13,42.493682861328125,43.708800797401636,42.31629256662054,43.30080548798111,26989000
2022-06-14,42.50254440307617,42.99036848534655,41.88168354098286,42.351764874692925,23290300
2022-06-15,43.025848388671875,43.44271505459973,41.84620924233063,42.467073553612586,25748000
2022-06-16,42.11228942871094,42.57350278152333,41.73977290342285,42.298547691354976,20424500
2022-06-17,41.269683837890625,42.60010565995996,41.04794686754574,42.02359156712584,45047700
2022-06-21,42.67107009887695,42.963761188252,41.64221052341151,41.9703803458739,19622100
2022-06-22,43.52253723144531,43.9748825972544,42.36950553086052,42.60011051760226,20382900
2022-06-23,44.42722702026367,44.498181103375174,43.442714164234616,43.66445117204519,20061700
2022-06-24,45.75764846801758,45.80199519231141,44.613484710670505,44.9239185476037,24343200
2022-06-27,46.01486587524414,46.325296340002176,45.464955647046615,45.66008530114498,16154300
2022-06-28,44.93278884887695,46.094692032357344,44.71105183257112,45.97051984457621,16417900
2022-06-29,45.18113708496094,45.62461115546544,44.93279268817878,44.99487878737432,13925700
2022-06-30,46.502685546875,46.91068082920519,45.31417504971966,45.846342515068756,33495700
2022-07-01,46.3962516784668,46.44946639373214,45.456085568667355,46.15677530945831,16143300
2022-07-05,45.801998138427734,46.02373515759785,44.70218441806949,45.89956296821273,18406800
2022-07-06,46.78650665283203,46.972764919424804,45.74877912458253,45.801993838787276,21305500
2022-07-07,47.380760192871094,47.487196388175846,46.82198539299256,46.96389693662747,17847600
2022-07-08,47.15903091430664,47.82424201838352,46.79538231274882,47.05259808501716,11322700
2022-07-11,46.91067886352539,47.66458668852385,46.78650668570962,47.00824368422009,12921400
2022-07-12,46.15678024291992,46.813119946558345,45.86408574392333,46.733294481690045,14633500
2022-07-13,45.93503952026367,46.39625290423116,45.68669176985765,45.99712561200562,12927300
2022-07-14,45.580257415771484,45.75764769338194,44.906178420977504,45.012611234168524,14023800
2022-07-15,45.899559020996094,46.041470565723486,44.72878793113559,45.26982675273318,19885700
2022-07-18,45.01261520385742,46.09469294761597,44.80861755081807,46.0858215720621,15742900
2022-07-19,45.56251525878906,45.686687430478926,44.88843630528498,45.26982419458266,13402100
2022-07-20,45.07469940185547,45.64234560962812,44.79974428971134,45.58025951711788,12774400
2022-07-21,45.34078598022461,45.35852534825897,44.50705598324032,44.85296520131424,15103800
2022-07-22,45.43834686279297,45.70443059330114,45.1900024987771,45.464954220812324,10932100
2022-07-25,45.917301177978516,46.01486600530347,45.53591324394735,45.53591324394735,12995800
2022-07-26,46.38737487792969,46.87519555028687,45.86407547725329,45.979379652571886,16632500
2022-07-27,46.07694625854492,46.34302996442822,45.40286392797347,46.06807488440067,19203500
2022-07-28,45.335079193115234,46.77414668945943,43.88707148330109,45.45127469068524,38984900
2022-07-29,45.14736557006836,45.32613230653192,44.04795474390156,45.19205981145317,25037900
2022-08-01,45.23674392700195,45.853485496059214,44.82558288096378,44.97753236809864,19709900
2022-08-02,44.41442108154297,46.00544114434893,44.360793452142815,45.49595820689789,17802000
2022-08-03,44.566368103027344,44.75407160052718,44.10157605467692,44.50380027052739,16500100
2022-08-04,44.566368103027344,44.736194589857035,43.98537719016653,44.60212212436764,17026300
2022-08-05,44.03901672363281,44.66469857910738,43.85131318989798,44.369732960645386,16376600
2022-08-08,44.30716323852539,44.52168398919747,43.74404925149138,44.146273527944246,16071800
2022-08-09,44.494873046875,44.78983869448609,44.26247865971741,44.46805922788931,12095600
2022-08-10,44.646827697753906,44.736209370945694,44.1373446592377,44.628950681177095,17355100
2022-08-11,43.163063049316406,43.91388058628457,42.734024943861996,43.10049520537671,44048800
2022-08-12,44.78983688354492,45.040108276471386,43.39546038790033,43.39546038790033,25835500
2022-08-15,44.468055725097656,44.75408113738826,44.14627628384776,44.6646994746819,15797800
2022-08-16,44.566368103027344,44.85239345436742,44.11945306534707,44.13733007601722,12874800
2022-08-17,44.03901672363281,44.56637670628671,44.021139709511615,44.378673172551885,13607200
2022-08-18,43.42227554321289,44.26247475771986,43.24350880978601,44.146275869538606,18916300
2022-08-19,43.93175506591797,44.19990344014674,43.55634461424443,43.65466648038968,15350200
2022-08-22,43.70830154418945,44.15521667895748,43.56528883745136,43.985386745542826,13601200
2022-08-23,42.91279220581055,43.368647578893565,42.689334625587286,43.27926250098901,16248900
2022-08-24,42.394371032714844,42.91279082916195,42.3496802000423,42.81447236115913,15551500
2022-08-25,42.81447219848633,42.85916303098907,42.25135816181425,42.47481573401994,14460000
2022-08-26,41.8491325378418,42.868098489602154,41.74187386125962,42.56419606454276,16546700
2022-08-29,41.321773529052734,41.732934640460165,41.2234516524788,41.45584943523391,13400500
2022-08-30,40.982112884521484,41.429027979923866,40.937422056919566,41.42009117828011,16303000
2022-08-31,40.427940368652344,41.37540162763559,40.338558710689945,41.12512684789582,26416800
2022-09-01,41.679298400878906,41.69717541199174,40.34749005534806,40.34749005534806,19947600
2022-09-02,40.84803771972656,41.83124950117972,40.696084824227015,41.77762187545511,14667700
2022-09-06,40.90167236328125,41.509477230182725,40.69609180678398,41.08043910231556,17153500
2022-09-07,41.232391357421875,41.303896006064655,40.56201865414784,40.848044068102745,15378900
2022-09-08,42.0815315246582,42.11728214475197,40.99999428663796,41.13407019348842,18271000
2022-09-09,42.76083755493164,42.89491345084806,42.099401696604545,42.18878676377938,17501700
2022-09-12,42.689334869384766,43.216694898111086,42.6267670193403,42.975363710620755,13744800
2022-09-13,41.286014556884766,42.29604360937588,41.13406506378256,42.12621710361021,16603200
2022-09-14,41.250267028808594,41.482661391445234,40.91954738431751,41.29495785896659,17162500
2022-09-15,41.06256103515625,41.37540367287224,40.848043681565954,41.214513952833585,15802000
2022-09-16,41.14301300048828,41.67037308286855,40.794419683433816,41.196644052993754,30629500
2022-09-19,40.61565017700195,41.00893771611466,40.025722278025114,40.83017096285363,16256200
2022-09-20,40.016780853271484,40.463695979964676,39.721815233001905,40.222361402387335,15369000
2022-09-21,39.25702667236328,40.20448805485146,39.23915306619426,40.05253853456988,17505200
2022-09-22,39.8380126953125,40.22235996329263,38.89949164477401,39.033564132169964,18508100
2022-09-23,39.40004348754883,39.82908164663509,38.95312831228911,39.72181954959438,18871700
2022-09-26,39.17658233642578,39.6234974710342,39.03356622004688,39.158705321878415,18680200
2022-09-27,39.40897750854492,39.84695584964307,39.09613827182622,39.525176400622705,21562700
2022-09-28,39.7128791809082,40.05253563832485,39.52517564247738,39.927396536345746,16532600
2022-09-29,39.47154235839844,39.88270344105978,39.28383883062152,39.69499991328287,13559900
2022-09-30,39.114009857177734,39.87376760806195,39.08719604104137,39.480480119705774,22962300
2022-10-03,39.45366668701172,39.5788023764533,38.8726790703627,39.39109884229093,22834300
2022-10-04,39.73969268798828,40.07934914275597,39.408976445281034,39.551989151021345,28198800
2022-10-05,39.435791015625,39.659248585719844,39.04250691974716,39.435791015625,15673400
2022-10-06,38.51514434814453,39.13188597296725,38.47045351904579,39.11400895938941,22068200
2022-10-07,37.8268928527832,38.47938847343255,37.469359417776545,38.47938847343255,20095000
2022-10-10,37.317413330078125,38.095044701045076,37.317413330078125,37.85371012184323,17888000
2022-10-11,37.4693603515625,38.050351345504495,37.04926247610555,37.236965999800674,20981200
2022-10-12,37.567684173583984,38.55983629286298,37.46936230090707,37.62131521586916,18803600
2022-10-13,38.41682815551758,38.57771789180255,37.272726394995274,37.32635403396213,23135200
2022-10-14,38.30956268310547,38.774354793424045,37.86264758584048,38.33637649784006,16980500
2022-10-17,39.01569366455078,39.15870637508424,38.6045291382866,38.6045291382866,16678400
2022-10-18,39.40897750854492,39.65031209531019,38.988876182358126,39.373223478722224,18442800
2022-10-19,38.53302001953125,39.3910961832285,38.20230380409011,39.248083489278955,23054700
2022-10-20,38.35425567626953,38.80117079876612,38.27381081783248,38.676035110017764,17715000
2022-10-21,40.17766571044922,40.365369222623556,38.42575944410594,38.711784817807235,36575700
2022-10-24,40.70502853393555,40.99999072984958,40.213422600951056,40.29386745614428,24972000
2022-10-25,40.749717712402344,40.95529824297359,40.12403590953379,40.46369232989526,23127000
2022-10-26,41.169822692871094,41.69718267868507,40.776535199231766,41.04468359327287,21407900
2022-10-27,40.88379669189453,41.21451292609432,40.83016564998709,40.94636453594066,20377700
2022-10-28,42.394371032714844,42.47481589540222,41.05362559438659,41.09831642705914,27854000
2022-10-31,41.6077995300293,42.35861711385098,41.59886272734813,42.08153190473892,29961700
2022-11-01,42.91279220581055,43.27926250098901,42.36755857420714,42.90385540286613,30614500
2022-11-02,42.07258987426758,43.05580179192361,41.96533119826863,42.69827173536316,25813100
2022-11-03,41.98244094848633,42.189783492256815,41.61282972891013,41.79312863968489,20124600
2022-11-04,42.56840896606445,42.85688583023532,42.01849886907764,42.79378173113016,24528500
2022-11-07,42.45121765136719,42.95605392458039,42.14471052815127,42.514321755654365,20304400
2022-11-08,42.68560028076172,43.046198080035005,42.14470702076726,42.40614025329462,18054500
2022-11-09,42.11766815185547,42.820830157140705,42.0996379159615,42.51432302477506,15348100
2022-11-10,42.712646484375,43.04619720664009,42.23485389419484,42.847868077172265,20480600
2022-11-11,42.910980224609375,43.00113140896778,41.74805917717241,42.43319098371602,20909800
2022-11-14,44.38941955566406,44.91228256159287,43.208465075661664,43.26255577513651,26143000
2022-11-15,43.78541946411133,44.65085003571739,43.43383850932858,44.47956797641476,25440500
2022-11-16,43.31664276123047,44.22715061592011,43.31664276123047,43.992761025262936,15822200
2022-11-17,43.56906509399414,43.72231692532097,42.84786948636158,43.091272488100245,13231100
2022-11-18,43.47891616821289,44.01981290186149,43.15437881580687,43.84852738869404,20666500
2022-11-21,43.433837890625,43.523985617623225,43.019152844168595,43.36171695789414,14736000
2022-11-22,44.24517822265625,44.39843003606086,43.48792567433232,43.57807339528619,16358600
2022-11-23,44.037837982177734,44.371392158552425,43.74034771334002,44.13700255142883,10710800
2022-11-25,44.36238098144531,44.37139781920877,44.028830201433635,44.10996454672469,6760200
2022-11-28,44.68690872192383,44.84016398059544,44.22714982373952,44.33532778115079,20704000
2022-11-29,44.61479568481445,44.77706091767616,44.26321127001987,44.62380908261737,17160900
2022-11-30,45.191749572753906,45.191749572753906,44.20912414126661,44.750017422909906,35572700
2022-12-01,46.04816818237305,46.120285683928095,45.32697253332828,45.354019605462675,23592600
2022-12-02,45.8949089050293,46.27353693168382,45.507267481059024,45.57938841524671,16881600
2022-12-05,45.73264694213867,46.00309360713378,45.39007933238972,45.894915628918916,17959800
2022-12-06,44.81312561035156,45.840825002524696,44.33533638670656,45.67855631545358,21787100
2022-12-07,45.290916442871094,46.111273243731475,44.849184270600524,44.849184270600524,15929900
2022-12-08,46.67920684814453,46.76034118259906,45.09258406637491,45.23682250108124,26116800
2022-12-09,46.625118255615234,47.63478726978352,46.54398392347307,46.65216188669081,19933500
2022-12-12,47.02177810668945,47.40941957515061,46.652166873844614,46.98571763545683,18532200
2022-12-13,47.842132568359375,48.71658003885513,47.67085049677301,47.86917620100048,29461800
2022-12-14,49.11323165893555,49.51890331647308,47.6888775978115,47.90523352255457,36260300
2022-12-15,48.32893753051758,49.06815994378036,48.13962522834638,48.74362260353513,21627100
2022-12-16,46.33664321899414,47.90523578362096,46.33664321899414,47.788040979486354,65689500
2022-12-19,46.30058288574219,46.70625456361452,45.7055989045013,46.44482132243951,16081900
2022-12-20,46.264522552490234,46.43580462190939,45.831807241129525,46.1653579821734,12433800
2022-12-21,46.5710334777832,47.0217790605875,46.156348366943064,46.52595960728595,12925000
2022-12-22,46.553001403808594,46.60709210961924,45.93097376210711,46.345658856574765,14822300
2022-12-23,46.72428894042969,46.83246691781435,46.19240901315759,46.480885912127285,10666500
2022-12-27,46.09324264526367,46.814434864695336,46.02112170386262,46.7513307604273,12033800
2022-12-28,45.795745849609375,46.32762572057272,45.75067198371394,46.021118618002056,10053900
2022-12-29,46.273536682128906,46.58004033402734,45.967029591315075,45.9940732220319,8971300
2022-12-30,46.19240951538086,46.33664796643393,45.75067732464063,46.2374833865382,11396200
2023-01-03,46.21043014526367,46.27353768316047,45.81377531753602,45.98505738064025,15603800
2023-01-04,45.191749572753906,45.64249512042853,44.64183945436437,45.335988010453164,21808400
2023-01-05,44.76804733276367,45.06554104275056,44.100942413921175,44.83115143386715,20057400
2023-01-06,45.90392303466797,46.51693722938129,44.6778980841568,45.05652267793625,29635900
2023-01-09,43.62315368652344,45.308941077062116,43.55103618691207,45.119628771802205,30839100
2023-01-10,42.92900085449219,43.6952702749346,42.712644938281954,43.5870888779142,29212000
2023-01-11,42.77574920654297,43.03718242535873,42.243869371914315,43.001121959539596,23022200
2023-01-12,43.01013946533203,43.01915630210585,41.99145700049068,42.613484620174695,23345300
2023-01-13,43.13634490966797,43.41580837021508,42.811811023797155,42.82082442107881,18737500
2023-01-17,41.540706634521484,42.135690552723034,41.207152490880524,41.955391666225395,29391400
2023-01-18,40.567100524902344,41.33336660369532,40.54005689167211,41.062919954645785,33835000
2023-01-19,40.531036376953125,40.81049983766531,40.242559518953954,40.31468045291145,26614900
2023-01-20,40.66626739501953,40.95474429548448,40.32369978612393,40.81951924386583,25197600
2023-01-23,40.549072265625,40.85557939986061,40.404833816509175,40.60316297363689,19398600
2023-01-24,40.305667877197266,40.5220272630245,39.80083504179334,40.49498019047373,18853100
2023-01-25,40.63019943237305,40.666259898012235,40.197484161448614,40.59413896673386,20828000
2023-01-26,40.2571907043457,40.302678361326905,39.67494036582046,40.2117030473645,38465500
2023-01-27,39.83871078491211,40.33908210437029,39.82961116846575,40.22991100042175,23798600
2023-01-30,39.620361328125,40.157124121206486,39.48389832882486,39.83870698568632,24402200
2023-01-31,40.175323486328125,40.284494589660156,38.8470640725802,39.11999356615368,49722500
2023-02-01,40.00246047973633,40.19351073773457,39.492989654588285,39.94787320438566,24482300
2023-02-02,40.339080810546875,40.44825191099389,39.57487616644434,39.693146883045856,35279200
2023-02-03,40.0843505859375,40.38457200600204,39.920592185725205,40.35728009612899,23742000
2023-02-06,39.8114128112793,40.302687952758205,39.78412090469267,40.202613001291766,18071200
2023-02-07,39.65675735473633,39.93878647144205,39.34743632916733,39.86600342049081,22999500
2023-02-08,40.01156234741211,40.12073344324441,39.60216639993276,39.620362160985906,19362300
2023-02-09,39.4293098449707,40.32998088303893,39.338334514876955,40.13892713706384,20809200
2023-02-10,39.92058181762695,40.01155714056717,39.35652370984203,39.57486934357912,18619600
2023-02-13,40.020660400390625,40.038852690246806,39.58396909314091,39.73863132080986,17878000
2023-02-14,39.7750244140625,40.21171226809092,39.64765755711503,40.11163731749318,17506900
2023-02-15,39.411109924316406,39.67494321241696,39.22005966899643,39.5020852448061,18994700
2023-02-16,39.07450485229492,39.28375090746365,38.910746466426055,39.25645899998108,17832000
2023-02-17,39.311038970947266,39.456601580765124,38.73788814693804,39.019913751311556,18293400
2023-02-21,38.8470573425293,39.0563033670344,38.77427430592602,38.94713228261569,17356600
2023-02-22,38.555938720703125,39.0199185115741,38.492255288044106,38.865259738112705,17394200
2023-02-23,38.483154296875,38.892550256833744,38.410374720930484,38.47405815131444,21104300
2023-02-24,37.98278045654297,38.255709921414855,37.7644348023536,38.2375141610252,16806100
2023-02-27,37.100303649902344,37.964583145432535,37.054815986029446,37.70074983628893,26370300
2023-02-28,36.90925598144531,37.03662283746329,36.47256813060371,36.84557255343632,31086900
2023-03-01,36.554447174072266,37.08211035697356,36.518055652358655,36.90015968937855,21104400
2023-03-02,36.954742431640625,37.100305043794584,36.217833225949,36.445275024344966,19110600
2023-03-03,37.43692398071289,37.464215887843075,37.06391954449147,37.21857831221141,20922000
2023-03-06,37.400535583496094,37.53699860103931,37.13670222423081,37.38233982039294,19434800
2023-03-07,36.700008392333984,37.41872530160859,36.48166274085682,37.35504187627908,23205800
2023-03-08,36.49985885620117,36.909254787650696,36.30880857835354,36.681812989121674,16756100
2023-03-09,35.8994140625,36.90925624306707,35.762951060293396,36.76369362508809,18585100
2023-03-10,35.83572769165039,36.32700278842445,35.69016508562322,35.744752364315765,26328100
2023-03-13,36.26332092285156,36.854667516899966,35.71745852393792,35.71745852393792,35299400
2023-03-14,36.299713134765625,36.527154937689005,35.95400062258587,36.43617613422776,24583600
2023-03-15,36.64542770385742,36.8728695410869,35.8994187553837,36.172348265961666,25498400
2023-03-16,36.727298736572266,36.83647329291456,36.135952173572946,36.44527314223696,21095900
2023-03-17,36.481658935546875,37.10940044901159,36.38158747081471,36.96383785337221,57457800
2023-03-20,37.127601623535156,37.17308929059217,36.336101640699596,36.518055779414205,20825400
2023-03-21,36.99113464355469,37.21857644620086,36.672717508044634,37.173088779768925,19982000
2023-03-22,36.39978790283203,37.16399256854655,36.38159561098197,37.02752955675023,15444200
2023-03-23,36.554447174072266,36.845572406808124,36.39068879684753,36.5453475584006,16958100
2023-03-24,36.74550247192383,36.80918590837014,36.27242303654623,36.47257296279864,17218100
2023-03-27,36.59083938598633,36.9547441985271,36.363397576715876,36.88196462421358,20262800
2023-03-28,36.381595611572266,36.66362125158132,36.263324891624094,36.57264591038229,13537500
2023-03-29,36.61812973022461,36.63632549064831,36.381591785689366,36.536250543561174,14429500
2023-03-30,36.73640060424805,36.836475551788794,36.618129896201125,36.77278865477394,12634500
2023-03-31,37.118507385253906,37.145802765831675,36.64542794425471,36.89106554653239,23393600
2023-04-03,37.61886978149414,37.72804433684307,36.98203556105646,37.01842360901989,20817200
2023-04-04,37.2094841003418,37.78263500278082,37.08211376264628,37.70075580664855,19514500
2023-04-05,37.80082321166992,38.410368987847725,37.45511073369574,37.56428528704726,29697600
2023-04-06,37.755340576171875,38.30119953365682,37.63706986287171,38.146540768214514,25931800
2023-04-10,37.9645881652832,37.973687781552755,37.40962956939036,37.43692494771226,15137300
2023-04-11,38.0191764831543,38.20113063812861,37.9372972869402,38.02827262918393,15304100
2023-04-12,37.6370735168457,38.01917760057081,37.54609817192813,37.87361496641052,17035100
2023-04-13,37.728050231933594,37.93729628998487,37.573387989599404,37.78263404765068,22880900
2023-04-14,37.47331237792969,37.94639177196028,37.236774416157736,37.76443762495056,20627500
2023-04-17,37.46420669555664,37.555182010659834,37.264056837746644,37.409619424203235,17608600
2023-04-18,36.89105987548828,37.60068066314479,36.87286411472924,37.55518952600394,18541500
2023-04-19,36.60903549194336,36.90016073291222,36.5726439692006,36.781890019241544,17214300
2023-04-20,36.25422286987305,36.5635438681089,36.1996390569698,36.46347238762409,20131600
2023-04-21,36.58173751831055,36.6636167034272,36.30880805808382,36.47256642831713,19227100
2023-04-24,36.30880355834961,36.5726368410828,36.12684945058582,36.56353722692734,17633700
2023-04-25,35.78114700317383,36.31790633992854,35.7356558650539,36.16324757587785,24492400
2023-04-26,35.144309997558594,35.65377743874225,34.935063945574356,35.62648553167503,22401400
2023-04-27,35.244388580322266,35.32626778044267,34.853188343134455,35.13521399983705,22434000
2023-04-28,35.38084411621094,35.39903987577625,35.13520656780859,35.20798960606985,21003600
2023-05-01,35.671974182128906,35.95400328803727,35.35355702262491,35.48092388642651,23917800
2023-05-02,35.53550720214844,36.49985818917694,35.14430703818868,35.74475323651286,38834100
2023-05-03,34.98054885864258,35.835728760754414,34.89866967340416,35.66287424546726,27721900
2023-05-04,34.78040313720703,34.96235728960241,34.58935283891095,34.72581585034238,23675100
2023-05-05,35.016944885253906,35.026041031234826,34.65303657725414,34.91686992702963,19221400
2023-05-08,35.180694580078125,35.235281859314966,34.88956936512091,35.05332773234513,20101700
2023-05-09,35.00783920288086,35.180693710462016,34.92596002129269,35.00783920288086,15987900
2023-05-10,34.844085693359375,35.226189750825306,34.643939254197896,35.18069861100584,15858200
2023-05-11,34.558998107910156,34.623370625289475,34.218739364003355,34.57738724884217,28566400
2023-05-12,34.347496032714844,34.68775489187184,34.23714360954948,34.5865970422868,16511600
2023-05-15,34.172767639160156,34.35669066466202,34.034824493023784,34.30151270459948,16650400
2023-05-16,34.03482437133789,34.24633813013475,33.869297507821955,34.04402245200206,25451700
2023-05-17,33.79572677612305,34.07160955840178,33.57501844547611,34.00723702613807,23206400
2023-05-18,33.547428131103516,33.823310887983,33.262347294438946,33.758938361645775,27772400
2023-05-19,33.814117431640625,34.62337658548257,33.58421454198414,33.70376502685662,33061400
2023-05-22,35.634952545166016,35.74530496434496,33.79572918799616,33.89688703392692,85718600
2023-05-23,36.45340347290039,36.91320927555159,34.94524100149085,35.45102668279919,75379500
2023-05-24,35.52459716796875,36.913209143469096,35.49700643444129,36.87642383745906,39326400
2023-05-25,34.788909912109375,35.414242597882286,34.623379536803604,35.414242597882286,30266600
2023-05-26,34.577396392822266,35.34987031369366,34.54061459319222,34.98202776111301,20234600
2023-05-30,34.03482437133789,34.35669054182535,33.95205918555996,34.35669054182535,24371100
2023-05-31,34.9636344909668,35.147557518035086,33.90607971635412,34.117589969668664,46166300
2023-06-01,34.9636344909668,35.13835943725969,34.669359050873524,35.05559425048096,20256100
2023-06-02,35.27630615234375,35.55218896682842,35.092383106673864,35.1751483018233,22721600
2023-06-05,35.54298782348633,35.88324311485747,35.37745746378368,35.386652035749535,18392200
2023-06-06,35.28549575805664,35.736106981102914,35.21192865497061,35.69012710316917,19508200
2023-06-07,35.76369094848633,35.92002672886798,35.06478774665402,35.26709989274154,25295100
2023-06-08,35.94761657714844,36.03957633135599,35.616555849137654,35.90163670004466,17347600
2023-06-09,35.8372688293457,36.407427097240685,35.74530555514315,36.12234620927309,19775100
2023-06-12,36.6925048828125,36.84883717367844,35.855658452546805,35.87404759779228,28334600
2023-06-13,37.04195785522461,37.124723047879925,36.27868197455021,36.48099416145415,26533800
2023-06-14,36.1959114074707,37.097130311436345,36.15912610329912,37.07873765935055,22056400
2023-06-15,36.55455780029297,36.62812840551103,36.12233926473572,36.2418897441953,19905900
2023-06-16,36.83964157104492,37.115524346532446,36.646520470967815,36.6557185513733,60325100
2023-06-20,36.177520751953125,36.66491378098597,36.16832617942264,36.51777606421908,26881200
2023-06-21,35.772891998291016,36.08556007697573,35.64414342985866,36.04877477170935,17982900
2023-06-22,35.61655807495117,35.855659063696734,35.32228263344892,35.80967567567953,18039800
2023-06-23,35.221126556396484,35.745304932073445,35.20273390187657,35.598167203954304,23492200
2023-06-26,33.92447280883789,34.07161053078845,33.253156733185975,34.04402330418522,56135500
2023-06-27,33.49225616455078,34.025632630180475,33.363511088858154,33.988847320542526,32414900
2023-06-28,33.37270736694336,33.6026102776971,33.13360637525705,33.5658249700469,30062000
2023-06-29,33.216373443603516,33.308336717934445,32.88531267209262,33.096826449033635,26284900
2023-06-30,33.73134994506836,33.79572246912831,33.23475889542925,33.29913141948919,30853900
2023-07-03,33.703765869140625,33.78653105180692,33.42787958822647,33.56582272868354,14115800
2023-07-05,33.52903747558594,34.044021224980774,33.46466494541656,33.639393391338984,26829400
2023-07-06,32.76576232910156,33.35431319251303,32.75656424858833,33.28994066107989,30177300
2023-07-07,32.673797607421875,32.894505925380926,32.508267245962514,32.66460303535845,22883300
2023-07-10,32.81174087524414,33.11521086710099,32.68299581760549,32.710583041945284,17777500
2023-07-11,33.12441635131836,33.142809007669314,32.7565702403803,32.77496289673125,17731300
2023-07-12,33.096824645996094,33.3359221301506,33.03244860345139,33.28994224951012,17229700
2023-07-13,33.16119384765625,33.437076611811726,33.032445283546664,33.11521046359728,16664400
2023-07-14,33.400291442871094,33.55662723161664,33.11521059753492,33.381898790781044,17909900
2023-07-17,32.977272033691406,33.216369502502616,32.90370142295577,33.216369502502616,20557300
2023-07-18,33.32672882080078,33.547433659458974,32.99566805477333,33.03244985585626,22817300
2023-07-19,33.51064682006836,33.74974781040968,33.2991365643295,33.41868705950016,18589700
2023-07-20,33.814117431640625,34.09000019762047,33.43707683292558,33.47386213720014,22358400
2023-07-21,34.39347457885742,34.42106180375178,33.841705524691704,33.841705524691704,24142000
2023-07-24,34.494632720947266,34.7613209512187,34.365887646482484,34.40267295576962,19414700
2023-07-25,34.080806732177734,34.68775024025676,34.07160865179058,34.39347481258449,21771000
2023-07-26,34.218746185302734,34.34749124572592,33.80492027105692,33.90607810654365,20983700
2023-07-27,33.66083526611328,34.41401741559245,33.64223769429447,34.265240388166085,25346300
2023-07-28,33.53995132446289,33.89329807898636,33.49345917055495,33.80031022404652,24054100
2023-07-31,33.53065490722656,33.6515338001063,33.40047190800187,33.64223678800941,40265200
2023-08-01,33.11221694946289,34.33032766611404,32.88904965068678,33.363278830414565,40931600
2023-08-02,32.870452880859375,33.37257665499353,32.805363156115014,33.13081532696077,34301600
2023-08-03,32.545005798339844,32.80536470964684,32.47061551103834,32.71238039764409,25676500
2023-08-04,32.563602447509766,32.861156494036635,32.22885325838603,32.49851272152726,25737500
2023-08-07,33.17730712890625,33.33538115957357,32.45201960537586,32.554300923800874,31069100
2023-08-08,33.140113830566406,33.81890923854276,32.90764950398036,33.81890923854276,25225500
2023-08-09,33.32608413696289,33.53065386799448,33.019229540415516,33.102916835189895,17210500
2023-08-10,33.214500427246094,33.558546599171876,33.10291500895363,33.30748472869942,18955200
2023-08-11,33.51205825805664,33.735222025763115,33.09362175970185,33.121516343884124,16604800
2023-08-14,33.53995132446289,33.9490872448263,33.30748700779923,33.30748700779923,20295500
2023-08-15,32.907649993896484,33.3911762260489,32.879755409370595,33.36328164152301,20484300
2023-08-16,32.991336822509766,33.14941440918421,32.53570872852722,32.67518519628501,22215600
2023-08-17,33.94908905029297,34.144361782489575,33.093622022095104,33.102919034521534,31113600
2023-08-18,34.088565826416016,34.265237422718684,33.772414227105465,33.893296659904045,24141400
2023-08-21,34.41401672363281,34.5813913195126,34.069970519712825,34.13506024620784,28496500
2023-08-22,34.255943298339844,34.544200340193264,33.214504108710784,34.41401733775602,18536900
2023-08-23,34.088565826416016,34.52559985852514,33.99558152249331,34.48840471810653,19370900
2023-08-24,33.62364196777344,34.06997307454761,33.53065765070044,33.921196038956225,19380800
2023-08-25,33.828208923339844,34.11646241069407,33.43766702026853,33.6050416148528,16421300
2023-08-28,33.670127868652344,33.95838487340444,33.502753291328375,33.88399459587216,15101900
2023-08-29,33.61433792114258,34.34892238540643,33.47485792759483,33.71661922967086,21076500
2023-08-30,33.38187789916992,33.70732652957134,33.30748761386443,33.64223680349106,16833000
2023-08-31,32.898353576660156,33.46556711977702,32.898353576660156,33.41907141522706,27919500
2023-09-01,33.27029037475586,33.53065280979485,33.1029157904893,33.14011093079827,17519900
2023-09-05,32.898353576660156,33.74452361145561,32.87045544450533,33.437668987622196,25856100
2023-09-06,31.959196090698242,32.805366136370516,31.856911214772314,32.786768563736324,35370200
2023-09-07,31.875507354736328,32.210256552857686,31.65234358740484,32.05218251325823,26777700
2023-09-08,31.847612380981445,31.9777918348529,31.661640212397614,31.829014809410655,19467700
2023-09-11,31.559356689453125,31.894105897768206,31.187415883532996,31.838316727798517,27574400
2023-09-12,31.75463104248047,31.81042021529062,31.382686670498863,31.587256429801187,17987200
2023-09-13,31.689538955688477,32.19165920930655,31.615148667967784,31.810417852548376,23853300
2023-09-14,31.75463104248047,31.968497814876347,31.59655344289474,31.83831834882011,23759900
2023-09-15,31.68023681640625,32.005685441145204,31.438475487617882,31.67093980446684,57959000
2023-09-18,31.280399322509766,31.726730405393035,31.09442715119404,31.726730405393035,25421900
2023-09-19,31.605850219726562,31.62444424368787,31.16881616703211,31.196710750098056,30323300
2023-09-20,31.261798858642578,31.698832888735982,31.19670913677213,31.68953587723612,24651400
2023-09-21,30.54581069946289,31.233906657992044,30.52721667504574,31.122324775868748,26980600
2023-09-22,30.397031784057617,30.768976097505167,30.22036018608815,30.759679085874716,28570800
2023-09-25,30.666690826416016,30.666690826416016,30.136672492427266,30.397031380106284,19443700
2023-09-26,30.12737464904785,30.648092410027907,30.090179509799647,30.424928668786087,26015500
2023-09-27,29.84841537475586,30.220359681999216,29.66244499469608,30.1552699603002,26430100
2023-09-28,29.8391170501709,30.05298377593101,29.54156303631999,29.811222469848513,28197600
2023-09-29,30.84336280822754,30.899155519338972,30.03438800629298,30.080880158657244,42397800
2023-10-02,31.559356689453125,31.577954261817766,30.462124749808904,30.638799913710884,44620600
2023-10-03,31.52216148376465,31.717430650556174,31.345486340085227,31.466368773056857,31059900
2023-10-04,30.973546981811523,31.68953750631756,30.69458696274175,31.55935450876047,23722300
2023-10-05,31.12232208251953,31.41057554865271,30.73178020819967,31.10372451258775,21279400
2023-10-06,30.806171417236328,31.20601031502187,30.75037870575792,31.168815174036265,23750600
2023-10-09,30.871261596679688,31.122323481357412,30.471422692984483,30.741082148429886,17468100
2023-10-10,30.84336280822754,31.0572330939261,30.694585792387578,30.759679062246175,19212100
2023-10-11,30.787574768066406,30.99214450248513,30.517915308537,30.908457206325107,24221200
2023-10-12,30.610898971557617,30.88985898429481,30.47142251231293,30.78757411924103,21809900
2023-10-13,29.85771369934082,30.675988985776918,29.774026413828906,30.629493290507554,32388100
2023-10-16,30.936351776123047,31.540756872910407,30.276153966211513,30.527215854584345,63317400
2023-10-17,30.45282554626465,30.86196146747884,29.941404757965916,30.685289863411708,40015800
2023-10-18,29.206815719604492,30.387734838162622,29.188218149179498,30.257555392311527,30307600
2023-10-19,29.002248764038086,29.290504021301153,28.74188808981087,29.178920368471776,26880300
2023-10-20,28.500123977661133,28.92785922920834,28.342048176327026,28.88136530319129,39378900
2023-10-23,28.676799774169922,29.18822058866716,28.3885445027385,28.61171004580432,29412100
2023-10-24,28.295557022094727,28.853471739048167,28.193272154810696,28.713991729638312,26923800
2023-10-25,28.57451057434082,28.825572437353248,28.100283202060172,28.323448711328393,28857900
2023-10-26,28.97435188293457,29.169622828460607,28.360646237387535,28.462931102832695,27162700
2023-10-27,27.998003005981445,28.94645607478673,27.914315709680682,28.881366349566584,33877100
2023-10-30,28.407140731811523,28.528023177947734,27.998004783436013,28.118885456010116,33063500
2023-10-31,28.41643714904785,28.658200247603943,27.616761117659813,28.16537703869826,42648200
2023-11-01,28.369945526123047,28.899963886357664,28.33275038400595,28.41643768020742,23568300
2023-11-02,28.360645294189453,28.50012352289112,28.09098584827925,28.369944079244483,29640900
2023-11-03,29.067338943481445,29.18821961017062,28.676798812818085,28.732589753323705,28062100
2023-11-06,28.992948532104492,29.206815267999247,28.788378807716544,29.123127975942708,27381200
2023-11-07,29.05803871154785,29.18821815743577,28.723289538051002,28.899962910014555,18086400
2023-11-08,28.658203125,29.104534225503734,28.407141215880845,28.75118921432881,29398300
2023-11-09,27.970252990722656,28.752439904793896,27.923132214288348,28.733591594220172,28737700
2023-11-10,27.781774520874023,28.10218862273744,27.357698301918724,28.036221330731543,33844100
2023-11-13,27.310577392578125,27.668688115281835,27.263458412078425,27.6498398040924,35519900
2023-11-14,27.574445724487305,27.998521900922956,27.319998940141684,27.41423868961862,40084300
2023-11-15,28.45087242126465,28.601655301874686,27.527325030686026,27.527325030686026,43614600
2023-11-16,28.055068969726562,28.695897158097196,27.772349699723947,28.526265955590397,32407200
2023-11-17,28.196426391601562,28.281241988901243,28.0267951970022,28.196426391601562,27009200
2023-11-20,28.25296974182129,28.403752627633605,28.0456437231978,28.17757829891513,26335700
2023-11-21,28.554536819458008,28.611081752329188,28.045645005934464,28.29066765595464,25988700
2023-11-22,28.573383331298828,28.818405965891213,28.403752138313813,28.639350618021055,19226800
2023-11-24,28.74301528930664,28.9314947970785,28.629927225148766,28.629927225148766,11129700
2023-11-27,28.40375328063965,28.97861416943635,28.30009116768159,28.97861416943635,26066700
2023-11-28,27.97967529296875,28.37548080143435,27.93255451965516,28.37548080143435,29497700
2023-11-29,28.347209930419922,28.479144508164627,28.017371688584348,28.055068309353583,26185200
2023-11-30,28.71474266052246,28.752439280851874,28.234121536165198,28.563959774152394,45356600
2023-12-01,27.24460792541504,27.706380727840443,26.66974706235696,27.301151056994502,103542800
2023-12-04,27.593294143676758,27.93255472668052,27.34827151305121,27.34827151305121,47410400
2023-12-05,27.41423988342285,27.89486100895844,27.39539157321194,27.52732614974076,39853000
2023-12-06,27.13152503967285,27.70638417681744,27.065555947565404,27.414242530237473,33410500
2023-12-07,26.980737686157227,27.235184481113716,26.858227264959915,27.159793037882956,35782900
2023-12-08,27.122098922729492,27.30115248165366,26.94304356633149,26.99958670086155,31881700
2023-12-11,26.990161895751953,27.15036893762508,26.801684186031316,27.12209826977757,37833900
2023-12-12,26.933618545532227,27.197489493983205,26.71686837223702,26.971315165656844,48587500
2023-12-13,25.124221801757812,25.19018908866272,24.276067631957737,24.76611290249956,158100700
2023-12-14,24.624753952026367,25.74620329359187,24.511667680802713,25.218463167109107,101889800
2023-12-15,25.095951080322266,25.43521349079877,24.5776351065155,24.624754086871068,138338500
2023-12-18,25.50118064880371,25.727354988779542,25.180766551136152,25.36924606651961,63329400
2023-12-19,26.537813186645508,26.61320462988986,25.69908315586785,25.708507310957618,70094700
2023-12-20,26.038345336914062,26.632054561397226,26.019498823060964,26.566087269226628,56184300
2023-12-21,26.679170608520508,26.726291381656466,26.179702995595274,26.255094435139103,51056600
2023-12-22,26.76399040222168,27.131525300457138,26.5566643603131,26.80168702664541,35087200
2023-12-26,26.773414611816406,26.886502687839553,26.622631708768203,26.792262924065927,30119100
2023-12-27,26.961891174316406,27.074977440429265,26.67917191408668,26.82995480055302,35000700
2023-12-28,27.13152503967285,27.35769939161934,26.933621358298446,26.961893826344493,30472900
2023-12-29,27.13152503967285,27.20691649032168,26.895926531711016,27.122100883657502,30342500
